,Date,ExitDate,Stock,Return,Profit
0,2019-01-02,2019-01-09,8464_億豐,0.206267680282733,825070.7211309321
1,2019-01-02,2019-01-09,4953_緯軟,0.16911462598446203,676458.5039378481
2,2019-01-02,2019-01-09,3324_雙鴻,0.16644894142088917,665795.7656835567
3,2019-01-02,2019-01-09,2308_台達電,0.12988729843251057,519549.19373004226
4,2019-01-02,2019-01-09,3630_新鉅科,0.11639626574821005,465585.0629928402
5,2019-01-09,2019-01-16,5274_信驊,0.2684407697601301,1073763.0790405204
6,2019-01-09,2019-01-16,9938_百和,0.26528847813022094,1061153.9125208838
7,2019-01-09,2019-01-16,9951_皇田,0.20327621316764488,813104.8526705796
8,2019-01-09,2019-01-16,6290_良維,0.19453507609041032,778140.3043616413
9,2019-01-09,2019-01-16,3529_力旺,0.15383756377386026,615350.255095441
10,2019-01-16,2019-01-23,6278_台表科,0.19533667228435636,781346.6891374254
11,2019-01-16,2019-01-23,3105_穩懋,0.127328395238677,509313.58095470804
12,2019-01-16,2019-01-23,6415_矽力*-KY,0.10284725741989265,411389.0296795706
13,2019-01-16,2019-01-23,2449_京元電子,0.08844255190865602,353770.2076346241
14,2019-01-16,2019-01-23,4536_拓凱,0.08560334035487549,342413.36141950195
15,2019-01-23,2019-01-30,3708_上緯投控,0.26970305834054176,1078812.2333621671
16,2019-01-23,2019-01-30,3596_智易,0.14588515216321163,583540.6086528465
17,2019-01-23,2019-01-30,4953_緯軟,0.10118230046513998,404729.20186055993
18,2019-01-23,2019-01-30,3016_嘉晶,0.10018520346980986,400740.81387923943
19,2019-01-23,2019-01-30,2379_瑞昱,0.09701757895893248,388070.31583572994
20,2019-01-30,2019-02-06,00633L_富邦上証正2,-0.006979062811565018,-27916.25124626007
21,2019-01-30,2019-02-06,2332_友訊,-0.006979062811565018,-27916.25124626007
22,2019-01-30,2019-02-06,2338_光罩,-0.006979062811565018,-27916.25124626007
23,2019-01-30,2019-02-06,2412_中華電,-0.006979062811565018,-27916.25124626007
24,2019-01-30,2019-02-06,3529_力旺,-0.006979062811565018,-27916.25124626007
25,2019-02-06,2019-02-13,3016_嘉晶,0.24033935928064887,961357.4371225955
26,2019-02-06,2019-02-13,6173_信昌電,0.21780821165160758,871232.8466064302
27,2019-02-06,2019-02-13,6188_廣明,0.2065643776634698,826257.5106538791
28,2019-02-06,2019-02-13,1795_美時,0.18855139614321303,754205.5845728521
29,2019-02-06,2019-02-13,2327_國巨*,0.18154109101267624,726164.364050705
30,2019-02-13,2019-02-20,4953_緯軟,0.24659427492127795,986377.0996851118
31,2019-02-13,2019-02-20,3645_達邁,0.21235437766586118,849417.5106634448
32,2019-02-13,2019-02-20,3376_新日興,0.1844088587318613,737635.4349274453
33,2019-02-13,2019-02-20,3406_玉晶光,0.18370442586568214,734817.7034627285
34,2019-02-13,2019-02-20,5234_達興材料,0.17399535374182884,695981.4149673154
35,2019-02-20,2019-02-27,6245_立端,0.26844421246269,1073776.84985076
36,2019-02-20,2019-02-27,5340_建榮,0.21692704402783125,867708.176111325
37,2019-02-20,2019-02-27,3049_精金,0.20162852964448175,806514.118577927
38,2019-02-20,2019-02-27,6188_廣明,0.17825818751466826,713032.7500586731
39,2019-02-20,2019-02-27,2337_旺宏,0.16511057328655898,660442.2931462359
40,2019-02-27,2019-03-06,3004_豐達科,0.19738749900206964,789549.9960082786
41,2019-02-27,2019-03-06,2392_正崴,0.19631279571689575,785251.182867583
42,2019-02-27,2019-03-06,5274_信驊,0.10492063080698366,419682.52322793467
43,2019-02-27,2019-03-06,4123_晟德,0.09316412857773981,372656.51431095926
44,2019-02-27,2019-03-06,2338_光罩,0.09218069632478598,368722.7852991439
45,2019-03-06,2019-03-13,2392_正崴,0.1534289574299892,613715.8297199567
46,2019-03-06,2019-03-13,3147_大綜,0.1331543596672895,532617.438669158
47,2019-03-06,2019-03-13,3712_永崴投控,0.11423756391678874,456950.25566715497
48,2019-03-06,2019-03-13,3630_新鉅科,0.11042242729938279,441689.70919753116
49,2019-03-06,2019-03-13,4953_緯軟,0.11041032954062269,441641.31816249073
50,2019-03-13,2019-03-20,2455_全新,0.26387532218409815,1055501.2887363925
51,2019-03-13,2019-03-20,2388_威盛,0.22846569902434366,913862.7960973746
52,2019-03-13,2019-03-20,3653_健策,0.22603436671046984,904137.4668418793
53,2019-03-13,2019-03-20,3105_穩懋,0.2042675404706702,817070.1618826807
54,2019-03-13,2019-03-20,8499_鼎炫-KY,0.19370151141503755,774806.0456601502
55,2019-03-20,2019-03-27,3483_力致,0.20229394461244365,809175.7784497746
56,2019-03-20,2019-03-27,3019_亞光,0.17876153621460067,715046.1448584027
57,2019-03-20,2019-03-27,8210_勤誠,0.14468466351379172,578738.6540551669
58,2019-03-20,2019-03-27,3529_力旺,0.1429805179057424,571922.0716229696
59,2019-03-20,2019-03-27,8299_群聯,0.12137484142779731,485499.3657111892
60,2019-03-27,2019-04-03,3483_力致,0.25247919495211746,1009916.7798084698
61,2019-03-27,2019-04-03,3049_精金,0.2307121189622623,922848.4758490492
62,2019-03-27,2019-04-03,3037_欣興,0.20759134361621046,830365.3744648418
63,2019-03-27,2019-04-03,3406_玉晶光,0.20728171450226518,829126.8580090607
64,2019-03-27,2019-04-03,6510_精測,0.20359614382640956,814384.5753056383
65,2019-04-03,2019-04-10,2371_大同,0.2615959949333495,1046383.9797333981
66,2019-04-03,2019-04-10,3049_精金,0.12684435962498797,507377.43849995185
67,2019-04-03,2019-04-10,3293_鈊象,0.12214855838000993,488594.2335200397
68,2019-04-03,2019-04-10,3630_新鉅科,0.11089001901857465,443560.0760742986
69,2019-04-03,2019-04-10,6451_訊芯-KY,0.08798320920081859,351932.83680327435
70,2019-04-10,2019-04-17,6188_廣明,0.20164136303959412,806565.4521583765
71,2019-04-10,2019-04-17,3017_奇鋐,0.1995226835789894,798090.7343159575
72,2019-04-10,2019-04-17,6230_尼得科超眾,0.17200434894411787,688017.3957764715
73,2019-04-10,2019-04-17,3293_鈊象,0.1688189021452393,675275.6085809573
74,2019-04-10,2019-04-17,6116_彩晶,0.1462846188123732,585138.4752494928
75,2019-04-17,2019-04-24,5340_建榮,0.20276371810731963,811054.8724292786
76,2019-04-17,2019-04-24,2404_漢唐,0.18171883668817856,726875.3467527142
77,2019-04-17,2019-04-24,1597_直得,0.17036554809256454,681462.1923702582
78,2019-04-17,2019-04-24,4968_立積,0.14697326783950215,587893.0713580087
79,2019-04-17,2019-04-24,3491_昇達科,0.14198837406582454,567953.4962632982
80,2019-04-24,2019-05-01,2303_聯電,0.11699809661923322,467992.38647693285
81,2019-04-24,2019-05-01,9921_巨大,0.10832966599802729,433318.6639921092
82,2019-04-24,2019-05-01,2834_臺企銀,0.055165663374934004,220662.653499736
83,2019-04-24,2019-05-01,9914_美利達,0.05145872327846002,205834.89311384008
84,2019-04-24,2019-05-01,8938_明安,0.04659756732517084,186390.26930068337
85,2019-05-01,2019-05-08,5263_智崴,0.1622444446142477,648977.7784569908
86,2019-05-01,2019-05-08,3630_新鉅科,0.16168928534979998,646757.1413992
87,2019-05-01,2019-05-08,6669_緯穎,0.14745207844539032,589808.3137815613
88,2019-05-01,2019-05-08,3227_原相,0.14701808309464326,588072.332378573
89,2019-05-01,2019-05-08,4968_立積,0.13942273260927474,557690.930437099
90,2019-05-08,2019-05-15,3691_碩禾,0.22571093917400864,902843.7566960346
91,2019-05-08,2019-05-15,3227_原相,0.13671073745965168,546842.9498386068
92,2019-05-08,2019-05-15,5483_中美晶,0.11895331775271911,475813.27101087646
93,2019-05-08,2019-05-15,2331_精英,0.08458275364022017,338331.01456088066
94,2019-05-08,2019-05-15,3630_新鉅科,0.08372958048930146,334918.32195720583
95,2019-05-15,2019-05-22,1736_喬山,0.25993329680481203,1039733.1872192482
96,2019-05-15,2019-05-22,2201_裕隆,0.10315196842706298,412607.8737082519
97,2019-05-15,2019-05-22,3691_碩禾,0.07573325007347176,302933.00029388705
98,2019-05-15,2019-05-22,6669_緯穎,0.07432047055836688,297281.88223346754
99,2019-05-15,2019-05-22,1102_亞泥,0.06579995562989938,263199.8225195975
100,2019-05-22,2019-05-29,2520_冠德,0.1540513594352082,616205.4377408328
101,2019-05-22,2019-05-29,5269_祥碩,0.11478138316425568,459125.5326570227
102,2019-05-22,2019-05-29,1736_喬山,0.10778449909772925,431137.996390917
103,2019-05-22,2019-05-29,3661_世芯-KY,0.10352395653634816,414095.82614539267
104,2019-05-22,2019-05-29,2323_中環,0.0759921826033838,303968.7304135352
105,2019-05-29,2019-06-05,8086_宏捷科,0.1908177905308468,763271.1621233872
106,2019-05-29,2019-06-05,8016_矽創,0.15780233470617833,631209.3388247133
107,2019-05-29,2019-06-05,4968_立積,0.12142881699728414,485715.26798913657
108,2019-05-29,2019-06-05,2454_聯發科,0.10806285724186071,432251.42896744283
109,2019-05-29,2019-06-05,5274_信驊,0.10354982920473854,414199.3168189542
110,2019-06-05,2019-06-12,3324_雙鴻,0.18569371000921286,742774.8400368515
111,2019-06-05,2019-06-12,3293_鈊象,0.17175647869977473,687025.9147990989
112,2019-06-05,2019-06-12,8046_南電,0.14818045862412776,592721.834496511
113,2019-06-05,2019-06-12,3037_欣興,0.13982233130499155,559289.3252199662
114,2019-06-05,2019-06-12,3406_玉晶光,0.12758674965091954,510346.99860367813
115,2019-06-12,2019-06-19,2388_威盛,0.12742615416810987,509704.6166724395
116,2019-06-12,2019-06-19,6510_精測,0.12140404089834078,485616.16359336313
117,2019-06-12,2019-06-19,9938_百和,0.11394591902189921,455783.67608759686
118,2019-06-12,2019-06-19,8464_億豐,0.10782788701832535,431311.5480733014
119,2019-06-12,2019-06-19,3008_大立光,0.10690844134263888,427633.7653705555
120,2019-06-19,2019-06-26,4968_立積,0.14382623762871583,575304.9505148632
121,2019-06-19,2019-06-26,1215_卜蜂,0.11876441680874561,475057.6672349824
122,2019-06-19,2019-06-26,8086_宏捷科,0.11384323065216484,455372.92260865937
123,2019-06-19,2019-06-26,3661_世芯-KY,0.1080578198712494,432231.2794849976
124,2019-06-19,2019-06-26,3260_威剛,0.08412657088568598,336506.28354274394
125,2019-06-26,2019-07-03,6213_聯茂,0.14397398899448333,575895.9559779332
126,2019-06-26,2019-07-03,3105_穩懋,0.13061638228767336,522465.52915069344
127,2019-06-26,2019-07-03,2455_全新,0.12965464508729485,518618.5803491794
128,2019-06-26,2019-07-03,1536_和大,0.12691543396080007,507661.7358432003
129,2019-06-26,2019-07-03,3450_聯鈞,0.11779843714928506,471193.74859714025
130,2019-07-03,2019-07-10,1736_喬山,0.20747458989658307,829898.3595863323
131,2019-07-03,2019-07-10,6278_台表科,0.18216778236718434,728671.1294687374
132,2019-07-03,2019-07-10,3163_波若威,0.13563564625273128,542542.5850109251
133,2019-07-03,2019-07-10,3260_威剛,0.11814613564587528,472584.54258350114
134,2019-07-03,2019-07-10,6150_撼訊,0.11339171113989122,453566.84455956484
135,2019-07-10,2019-07-17,8924_大田,0.1861576514646266,744630.6058585064
136,2019-07-10,2019-07-17,2387_精元,0.17279685785590138,691187.4314236055
137,2019-07-10,2019-07-17,4968_立積,0.16512106411120042,660484.2564448017
138,2019-07-10,2019-07-17,4953_緯軟,0.1606368703215697,642547.4812862788
139,2019-07-10,2019-07-17,6230_尼得科超眾,0.15760602818655434,630424.1127462174
140,2019-07-17,2019-07-24,8028_昇陽半導體,0.2656745765531594,1062698.3062126376
141,2019-07-17,2019-07-24,6230_尼得科超眾,0.21934265206681602,877370.6082672641
142,2019-07-17,2019-07-24,3105_穩懋,0.20735989147940792,829439.5659176317
143,2019-07-17,2019-07-24,3374_精材,0.18246729282635998,729869.1713054399
144,2019-07-17,2019-07-24,3596_智易,0.17444105794815057,697764.2317926022
145,2019-07-24,2019-07-31,2316_楠梓電,0.21390493131246213,855619.7252498486
146,2019-07-24,2019-07-31,2387_精元,0.15879663640656982,635186.5456262793
147,2019-07-24,2019-07-31,3691_碩禾,0.13199675794710086,527987.0317884034
148,2019-07-24,2019-07-31,3680_家登,0.1249620907349569,499848.3629398276
149,2019-07-24,2019-07-31,6191_精成科,0.09936018715507045,397440.74862028175
150,2019-07-31,2019-08-07,6510_精測,0.2116645204120322,846658.0816481288
151,2019-07-31,2019-08-07,3324_雙鴻,0.16062426799207996,642497.0719683198
152,2019-07-31,2019-08-07,2228_劍麟,0.1552851104168822,621140.4416675288
153,2019-07-31,2019-08-07,2520_冠德,0.10156978457340538,406279.1382936215
154,2019-07-31,2019-08-07,3680_家登,0.09494972079270458,379798.8831708183
155,2019-08-07,2019-08-14,8358_金居,0.2247511482385287,899004.5929541148
156,2019-08-07,2019-08-14,6683_雍智科技,0.21412698287992082,856507.9315196833
157,2019-08-07,2019-08-14,8464_億豐,0.19424370355915954,776974.8142366381
158,2019-08-07,2019-08-14,6290_良維,0.19355677528458926,774227.1011383571
159,2019-08-07,2019-08-14,8081_致新,0.18320103955485734,732804.1582194293
160,2019-08-14,2019-08-21,6683_雍智科技,0.291169171100234,1164676.684400936
161,2019-08-14,2019-08-21,6411_晶焱,0.2425787349373918,970314.9397495672
162,2019-08-14,2019-08-21,2228_劍麟,0.20526723103182087,821068.9241272835
163,2019-08-14,2019-08-21,6438_迅得,0.19898426370852507,795937.0548341003
164,2019-08-14,2019-08-21,3317_尼克森,0.19537398101705206,781495.9240682082
165,2019-08-21,2019-08-28,3479_安勤,0.13239568815453606,529582.7526181443
166,2019-08-21,2019-08-28,3661_世芯-KY,0.1166215921830751,466486.3687323004
167,2019-08-21,2019-08-28,2338_光罩,0.11531839866350668,461273.59465402673
168,2019-08-21,2019-08-28,6510_精測,0.11261048357191328,450441.93428765313
169,2019-08-21,2019-08-28,6664_群翊,0.1096198186156927,438479.2744627708
170,2019-08-28,2019-09-04,3218_大學光,0.27448498016317413,1097939.9206526966
171,2019-08-28,2019-09-04,2323_中環,0.2697278949667854,1078911.5798671416
172,2019-08-28,2019-09-04,2367_燿華,0.2500528716879664,1000211.4867518657
173,2019-08-28,2019-09-04,2316_楠梓電,0.20122067439197489,804882.6975678996
174,2019-08-28,2019-09-04,2368_金像電,0.16196140014461413,647845.6005784565
175,2019-09-04,2019-09-11,1590_亞德客-KY,0.17269560893899616,690782.4357559846
176,2019-09-04,2019-09-11,3483_力致,0.1710433511195839,684173.4044783356
177,2019-09-04,2019-09-11,5340_建榮,0.12934970930516387,517398.8372206555
178,2019-09-04,2019-09-11,8016_矽創,0.11838879697294469,473555.18789177877
179,2019-09-04,2019-09-11,9951_皇田,0.08927498602737849,357099.94410951395
180,2019-09-11,2019-09-18,8046_南電,0.19711235619333167,788449.4247733267
181,2019-09-11,2019-09-18,2455_全新,0.1899688895604703,759875.5582418812
182,2019-09-11,2019-09-18,5340_建榮,0.10164992186572164,406599.68746288656
183,2019-09-11,2019-09-18,2059_川湖,0.09399641579787144,375985.66319148574
184,2019-09-11,2019-09-18,8436_大江,0.0898429306408417,359371.7225633668
185,2019-09-18,2019-09-25,6683_雍智科技,0.23032348340071662,921293.9336028665
186,2019-09-18,2019-09-25,6111_大宇資,0.21046415040592503,841856.6016237001
187,2019-09-18,2019-09-25,3680_家登,0.21038888700372538,841555.5480149015
188,2019-09-18,2019-09-25,3661_世芯-KY,0.14470608225831438,578824.3290332576
189,2019-09-18,2019-09-25,5469_瀚宇博,0.12198875072894522,487955.0029157809
190,2019-09-25,2019-10-02,4551_智伸科,0.22606220264732602,904248.8105893041
191,2019-09-25,2019-10-02,2327_國巨*,0.16393131362883473,655725.2545153389
192,2019-09-25,2019-10-02,2492_華新科,0.14388926527324597,575557.0610929839
193,2019-09-25,2019-10-02,3406_玉晶光,0.1390790842581513,556316.3370326052
194,2019-09-25,2019-10-02,6643_M31,0.10684637237754235,427385.4895101694
195,2019-10-02,2019-10-09,4968_立積,0.2311271710301579,924508.6841206315
196,2019-10-02,2019-10-09,6451_訊芯-KY,0.20960918757604396,838436.7503041759
197,2019-10-02,2019-10-09,3324_雙鴻,0.19890514172637697,795620.5669055078
198,2019-10-02,2019-10-09,8086_宏捷科,0.16325309784930964,653012.3913972386
199,2019-10-02,2019-10-09,2101_南港,0.13231442326914555,529257.6930765822
200,2019-10-09,2019-10-16,3483_力致,0.23208643045563737,928345.7218225495
201,2019-10-09,2019-10-16,2504_國產,0.2121046931149,848418.7724596
202,2019-10-09,2019-10-16,6538_倉和,0.16022668557036268,640906.7422814508
203,2019-10-09,2019-10-16,3289_宜特,0.159604736703727,638418.946814908
204,2019-10-09,2019-10-16,9802_鈺齊-KY,0.1489808764119529,595923.5056478116
205,2019-10-16,2019-10-23,4908_前鼎,0.2971078465847272,1188431.386338909
206,2019-10-16,2019-10-23,3413_京鼎,0.18171925659661747,726877.0263864698
207,2019-10-16,2019-10-23,3218_大學光,0.17210559715164409,688422.3886065764
208,2019-10-16,2019-10-23,8155_博智,0.16005095563552518,640203.8225421007
209,2019-10-16,2019-10-23,8086_宏捷科,0.1362774849464512,545109.9397858048
210,2019-10-23,2019-10-30,6278_台表科,0.2321178756221456,928471.5024885824
211,2019-10-23,2019-10-30,3374_精材,0.21903291156396953,876131.6462558781
212,2019-10-23,2019-10-30,3653_健策,0.16434785393945672,657391.4157578269
213,2019-10-23,2019-10-30,6138_茂達,0.14499562169086233,579982.4867634493
214,2019-10-23,2019-10-30,3413_京鼎,0.1378920733768605,551568.293507442
215,2019-10-30,2019-11-06,5203_訊連,0.28968958227955444,1158758.3291182178
216,2019-10-30,2019-11-06,2421_建準,0.13590634142251323,543625.365690053
217,2019-10-30,2019-11-06,3653_健策,0.12121536232127084,484861.44928508333
218,2019-10-30,2019-11-06,2317_鴻海,0.11940254419919594,477610.17679678375
219,2019-10-30,2019-11-06,3131_弘塑,0.11513285400120088,460531.4160048035
220,2019-11-06,2019-11-13,8150_南茂,0.2349636250748448,939854.5002993792
221,2019-11-06,2019-11-13,6538_倉和,0.17867475532977584,714699.0213191033
222,2019-11-06,2019-11-13,2313_華通,0.15125109502793022,605004.3801117209
223,2019-11-06,2019-11-13,4938_和碩,0.13386025766711018,535441.0306684407
224,2019-11-06,2019-11-13,3044_健鼎,0.12710116786052805,508404.6714421122
225,2019-11-13,2019-11-20,2371_大同,0.19504933475435782,780197.3390174313
226,2019-11-13,2019-11-20,2357_華碩,0.1162716991720516,465086.7966882064
227,2019-11-13,2019-11-20,2368_金像電,0.11285569340543522,451422.77362174087
228,2019-11-13,2019-11-20,2393_億光,0.09791751506045254,391670.06024181016
229,2019-11-13,2019-11-20,2337_旺宏,0.09543646288856222,381745.8515542489
230,2019-11-20,2019-11-27,4908_前鼎,0.2086972711614552,834789.0846458208
231,2019-11-20,2019-11-27,6278_台表科,0.1899675143476065,759870.057390426
232,2019-11-20,2019-11-27,3680_家登,0.18612055447930542,744482.2179172217
233,2019-11-20,2019-11-27,6538_倉和,0.18530508743957275,741220.349758291
234,2019-11-20,2019-11-27,8086_宏捷科,0.17020952546724422,680838.1018689768
235,2019-11-27,2019-12-04,2478_大毅,0.16167010923086056,646680.4369234423
236,2019-11-27,2019-12-04,3680_家登,0.1546840684854771,618736.2739419085
237,2019-11-27,2019-12-04,3152_璟德,0.1540214531445132,616085.8125780529
238,2019-11-27,2019-12-04,3042_晶技,0.10976517613011239,439060.70452044957
239,2019-11-27,2019-12-04,5457_宣德,0.088949216231063,355796.864924252
240,2019-12-04,2019-12-11,6531_愛普*,0.22731482346754195,909259.2938701678
241,2019-12-04,2019-12-11,3131_弘塑,0.2185101581689175,874040.63267567
242,2019-12-04,2019-12-11,3413_京鼎,0.17672338740570015,706893.5496228006
243,2019-12-04,2019-12-11,3406_玉晶光,0.1750289298310057,700115.7193240229
244,2019-12-04,2019-12-11,3227_原相,0.15350504464810588,614020.1785924236
245,2019-12-11,2019-12-18,6230_尼得科超眾,0.1888533132726251,755413.2530905005
246,2019-12-11,2019-12-18,6538_倉和,0.15444288877029932,617771.5550811973
247,2019-12-11,2019-12-18,6196_帆宣,0.15050643316850199,602025.7326740079
248,2019-12-11,2019-12-18,2387_精元,0.13894477282438422,555779.0912975369
249,2019-12-11,2019-12-18,3374_精材,0.1367891188155348,547156.4752621392
250,2019-12-18,2019-12-25,3019_亞光,0.16522995153052,660919.80612208
251,2019-12-18,2019-12-25,2492_華新科,0.1445649922565746,578259.9690262984
252,2019-12-18,2019-12-25,6173_信昌電,0.12826522496069392,513060.8998427757
253,2019-12-18,2019-12-25,6435_大中,0.11815465457730179,472618.61830920714
254,2019-12-18,2019-12-25,3026_禾伸堂,0.09776023256428945,391040.93025715783
255,2019-12-25,2020-01-01,6451_訊芯-KY,0.20051031450640489,802041.2580256196
256,2019-12-25,2020-01-01,3450_聯鈞,0.17600154390538902,704006.1756215561
257,2019-12-25,2020-01-01,6683_雍智科技,0.1425060532687652,570024.2130750607
258,2019-12-25,2020-01-01,9802_鈺齊-KY,0.14219943954254832,568797.7581701933
259,2019-12-25,2020-01-01,3548_兆利,0.1251680870058769,500672.34802350757
260,2020-01-01,2020-01-08,2478_大毅,0.12207956806383224,488318.27225532895
261,2020-01-01,2020-01-08,6409_旭隼,0.09440069003978757,377602.7601591503
262,2020-01-01,2020-01-08,1536_和大,0.08370690159284622,334827.60637138487
263,2020-01-01,2020-01-08,00708L_期元大S&P黃金正2,0.0811822483080793,324728.9932323172
264,2020-01-01,2020-01-08,3563_牧德,0.07979234224998932,319169.3689999573
265,2020-01-08,2020-01-15,8210_勤誠,0.2543798204121994,1017519.2816487977
266,2020-01-08,2020-01-15,4760_勤凱,0.19371164912781702,774846.596511268
267,2020-01-08,2020-01-15,4977_眾達-KY,0.18582890979738065,743315.6391895226
268,2020-01-08,2020-01-15,3131_弘塑,0.17601540868451493,704061.6347380597
269,2020-01-08,2020-01-15,6239_力成,0.17341499855733677,693659.9942293471
270,2020-01-15,2020-01-22,6531_愛普*,0.22976175663017684,919047.0265207074
271,2020-01-15,2020-01-22,3218_大學光,0.17110620875968907,684424.8350387563
272,2020-01-15,2020-01-22,4967_十銓,0.16101528191345715,644061.1276538286
273,2020-01-15,2020-01-22,5269_祥碩,0.14893785205339127,595751.4082135651
274,2020-01-15,2020-01-22,4760_勤凱,0.1396445438294136,558578.1753176544
275,2020-01-22,2020-01-29,1102_亞泥,-0.006979062811565018,-27916.25124626007
276,2020-01-22,2020-01-29,1504_東元,-0.006979062811565018,-27916.25124626007
277,2020-01-22,2020-01-29,2345_智邦,-0.006979062811565018,-27916.25124626007
278,2020-01-22,2020-01-29,2421_建準,-0.006979062811565018,-27916.25124626007
279,2020-01-22,2020-01-29,3548_兆利,-0.006979062811565018,-27916.25124626007
280,2020-01-29,2020-02-05,3515_華擎,0.2074373612829854,829749.4451319416
281,2020-01-29,2020-02-05,00673R_期元大S&P原油反1,0.16549685754267163,661987.4301706866
282,2020-01-29,2020-02-05,6415_矽力*-KY,0.0649084791394805,259633.916557922
283,2020-01-29,2020-02-05,5269_祥碩,0.057357955960404716,229431.82384161887
284,2020-01-29,2020-02-05,2478_大毅,0.04954964329024314,198198.57316097256
285,2020-02-05,2020-02-12,5309_系統電,0.1907653662389457,763061.4649557828
286,2020-02-05,2020-02-12,8155_博智,0.1891541549534912,756616.6198139648
287,2020-02-05,2020-02-12,3227_原相,0.18666711473547748,746668.45894191
288,2020-02-05,2020-02-12,6166_凌華,0.17984074618621193,719362.9847448478
289,2020-02-05,2020-02-12,3374_精材,0.17885987417992633,715439.4967197053
290,2020-02-12,2020-02-19,3532_台勝科,0.23272252554240858,930890.1021696343
291,2020-02-12,2020-02-19,3545_敦泰,0.21221999270963332,848879.9708385332
292,2020-02-12,2020-02-19,8155_博智,0.14154419857311185,566176.7942924474
293,2020-02-12,2020-02-19,3293_鈊象,0.13637844027017354,545513.7610806942
294,2020-02-12,2020-02-19,3706_神達,0.1298072915135695,519229.16605427803
295,2020-02-19,2020-02-26,6547_高端疫苗,0.2562655014591808,1025062.0058367233
296,2020-02-19,2020-02-26,6538_倉和,0.20229581525693185,809183.2610277274
297,2020-02-19,2020-02-26,6531_愛普*,0.17703965728385618,708158.6291354247
298,2020-02-19,2020-02-26,3293_鈊象,0.14376777430966148,575071.0972386459
299,2020-02-19,2020-02-26,8046_南電,0.12919167569338108,516766.70277352433
300,2020-02-26,2020-03-04,2368_金像電,0.14074853491560013,562994.1396624005
301,2020-02-26,2020-03-04,6538_倉和,0.12180225500680475,487209.02002721897
302,2020-02-26,2020-03-04,5469_瀚宇博,0.09617498589045481,384699.94356181927
303,2020-02-26,2020-03-04,4967_十銓,0.09438393840080783,377535.75360323134
304,2020-02-26,2020-03-04,2480_敦陽科,0.09009784239991192,360391.3695996477
305,2020-03-04,2020-03-11,2368_金像電,0.23695116740371236,947804.6696148495
306,2020-03-04,2020-03-11,00673R_期元大S&P原油反1,0.22870436889453694,914817.4755781477
307,2020-03-04,2020-03-11,4746_台耀,0.1706997036376725,682798.81455069
308,2020-03-04,2020-03-11,6416_瑞祺電通,0.15006751074444713,600270.0429777885
309,2020-03-04,2020-03-11,4167_松瑞藥,0.14181383925678026,567255.357027121
310,2020-03-11,2020-03-18,00673R_期元大S&P原油反1,0.276041697393028,1104166.7895721118
311,2020-03-11,2020-03-18,00669R_國泰美國道瓊反1,0.1700246691948324,680098.6767793295
312,2020-03-11,2020-03-18,00664R_國泰臺灣加權反1,0.16980573915782715,679222.9566313087
313,2020-03-11,2020-03-18,00632R_元大台灣50反1,0.16666394259843442,666655.7703937377
314,2020-03-11,2020-03-18,00676R_富邦臺灣加權反1,0.16635891143138637,665435.6457255455
315,2020-03-18,2020-03-25,6415_矽力*-KY,0.3779887196977927,1511954.8787911707
316,2020-03-18,2020-03-25,3131_弘塑,0.23892971369445548,955718.8547778219
317,2020-03-18,2020-03-25,3406_玉晶光,0.2108646228104889,843458.4912419555
318,2020-03-18,2020-03-25,2481_強茂,0.1916251246261218,766500.4985044872
319,2020-03-18,2020-03-25,3037_欣興,0.17883425441690615,715337.0176676246
320,2020-03-25,2020-04-01,6679_鈺太,0.2808322610389522,1123329.0441558089
321,2020-03-25,2020-04-01,9945_潤泰新,0.24896439552471494,995857.5820988598
322,2020-03-25,2020-04-01,2368_金像電,0.2362097381325412,944838.9525301649
323,2020-03-25,2020-04-01,8046_南電,0.22403622465935524,896144.898637421
324,2020-03-25,2020-04-01,3529_力旺,0.2190061604692004,876024.6418768016
325,2020-04-01,2020-04-08,00715L_期街口S&P布蘭特油正2,0.45559271552431335,1822370.8620972533
326,2020-04-01,2020-04-08,2478_大毅,0.24084591977965597,963383.6791186238
327,2020-04-01,2020-04-08,2387_精元,0.23644630311400427,945785.2124560172
328,2020-04-01,2020-04-08,2201_裕隆,0.21352927922289267,854117.1168915706
329,2020-04-01,2020-04-08,4967_十銓,0.20733066602889028,829322.664115561
330,2020-04-08,2020-04-15,4746_台耀,0.24762671702622208,990506.8681048884
331,2020-04-08,2020-04-15,8436_大江,0.21997894215805158,879915.7686322064
332,2020-04-08,2020-04-15,8046_南電,0.15498308567746588,619932.3427098636
333,2020-04-08,2020-04-15,2478_大毅,0.14589933389844356,583597.3355937742
334,2020-04-08,2020-04-15,3042_晶技,0.1438012823309267,575205.1293237068
335,2020-04-15,2020-04-22,00673R_期元大S&P原油反1,0.8724716188026587,3489886.4752106345
336,2020-04-15,2020-04-22,2363_矽統,0.20974683839972097,838987.3535988838
337,2020-04-15,2020-04-22,3042_晶技,0.1339174928046054,535669.9712184216
338,2020-04-15,2020-04-22,6706_惠特,0.1282705673808664,513082.2695234656
339,2020-04-15,2020-04-22,8271_宇瞻,0.12694607290620397,507784.29162481584
340,2020-04-22,2020-04-29,6531_愛普*,0.3611512488272359,1444604.9953089438
341,2020-04-22,2020-04-29,00715L_期街口S&P布蘭特油正2,0.2813173383076579,1125269.3532306317
342,2020-04-22,2020-04-29,5309_系統電,0.2806661888980151,1122664.7555920603
343,2020-04-22,2020-04-29,9914_美利達,0.2049839845144108,819935.9380576432
344,2020-04-22,2020-04-29,2345_智邦,0.19002648291885227,760105.9316754091
345,2020-04-29,2020-05-06,6547_高端疫苗,0.3244882875712223,1297953.1502848892
346,2020-04-29,2020-05-06,4746_台耀,0.31308148604531905,1252325.9441812763
347,2020-04-29,2020-05-06,1307_三芳,0.2848411287875503,1139364.5151502013
348,2020-04-29,2020-05-06,00715L_期街口S&P布蘭特油正2,0.22058823529411797,882352.9411764719
349,2020-04-29,2020-05-06,3680_家登,0.21263413274086984,850536.5309634793
350,2020-05-06,2020-05-13,6706_惠特,0.36921083035292246,1476843.3214116897
351,2020-05-06,2020-05-13,2421_建準,0.24244534841315946,969781.3936526378
352,2020-05-06,2020-05-13,3218_大學光,0.23276436163128222,931057.4465251289
353,2020-05-06,2020-05-13,6104_創惟,0.226692309397728,906769.237590912
354,2020-05-06,2020-05-13,8069_元太,0.1899130195620038,759652.0782480151
355,2020-05-13,2020-05-20,5478_智冠,0.20499440562281301,819977.622491252
356,2020-05-13,2020-05-20,3529_力旺,0.19712555889569816,788502.2355827927
357,2020-05-13,2020-05-20,5269_祥碩,0.19511360211600048,780454.408464002
358,2020-05-13,2020-05-20,3218_大學光,0.19444737070018459,777789.4828007383
359,2020-05-13,2020-05-20,2201_裕隆,0.1922248784277023,768899.5137108092
360,2020-05-20,2020-05-27,6561_是方,0.19476418782661664,779056.7513064665
361,2020-05-20,2020-05-27,3680_家登,0.18796947909031037,751877.9163612415
362,2020-05-20,2020-05-27,1477_聚陽,0.17747520796389482,709900.8318555793
363,2020-05-20,2020-05-27,3653_健策,0.17527547953155453,701101.9181262181
364,2020-05-20,2020-05-27,6456_GIS-KY,0.16950275581266205,678011.0232506482
365,2020-05-27,2020-06-03,6531_愛普*,0.3215038591667809,1286015.4366671238
366,2020-05-27,2020-06-03,6231_系微,0.20566060731218938,822642.4292487575
367,2020-05-27,2020-06-03,6237_驊訊,0.19291177831613915,771647.1132645566
368,2020-05-27,2020-06-03,4968_立積,0.1915646544584253,766258.6178337012
369,2020-05-27,2020-06-03,4123_晟德,0.18992868861384138,759714.7544553655
370,2020-06-03,2020-06-10,4167_松瑞藥,0.2948174034597242,1179269.6138388966
371,2020-06-03,2020-06-10,8027_鈦昇,0.24918238913831758,996729.5565532703
372,2020-06-03,2020-06-10,3218_大學光,0.18162411162235226,726496.4464894091
373,2020-06-03,2020-06-10,2201_裕隆,0.16357933028080707,654317.3211232283
374,2020-06-03,2020-06-10,6491_晶碩,0.15738623454425715,629544.9381770286
375,2020-06-10,2020-06-17,3228_金麗科,0.3813736297497736,1525494.5189990946
376,2020-06-10,2020-06-17,4130_健亞,0.3754708706481438,1501883.482592575
377,2020-06-10,2020-06-17,5474_聰泰,0.2638564759855384,1055425.9039421536
378,2020-06-10,2020-06-17,4167_松瑞藥,0.2389208087313015,955683.234925206
379,2020-06-10,2020-06-17,3712_永崴投控,0.22659162387576326,906366.4955030531
380,2020-06-17,2020-06-24,6531_愛普*,0.5091432518942736,2036573.0075770942
381,2020-06-17,2020-06-24,3661_世芯-KY,0.42519560100026665,1700782.4040010667
382,2020-06-17,2020-06-24,5474_聰泰,0.337583599935116,1350334.399740464
383,2020-06-17,2020-06-24,3374_精材,0.2886521029902209,1154608.4119608838
384,2020-06-17,2020-06-24,6643_M31,0.2796130521399445,1118452.2085597778
385,2020-06-24,2020-07-01,3712_永崴投控,0.25342696651849583,1013707.8660739834
386,2020-06-24,2020-07-01,6223_旺矽,0.1582510931285419,633004.3725141677
387,2020-06-24,2020-07-01,6683_雍智科技,0.14000388886299908,560015.5554519963
388,2020-06-24,2020-07-01,2332_友訊,0.13661955310538998,546478.21242156
389,2020-06-24,2020-07-01,4979_華星光,0.13164282394257087,526571.2957702836
390,2020-07-01,2020-07-08,2464_盟立,0.45299724812596254,1811988.9925038503
391,2020-07-01,2020-07-08,6231_系微,0.41787905971822026,1671516.238872881
392,2020-07-01,2020-07-08,4979_華星光,0.3185451350109916,1274180.5400439664
393,2020-07-01,2020-07-08,3227_原相,0.2950017473955626,1180006.9895822504
394,2020-07-01,2020-07-08,4968_立積,0.2840295698859836,1136118.2795439344
395,2020-07-08,2020-07-15,6443_元晶,0.2970492909984781,1188197.1639939123
396,2020-07-08,2020-07-15,4130_健亞,0.17166721032398047,686668.8412959218
397,2020-07-08,2020-07-15,9921_巨大,0.17017782443214347,680711.2977285739
398,2020-07-08,2020-07-15,6187_萬潤,0.15254031294546122,610161.2517818449
399,2020-07-08,2020-07-15,9914_美利達,0.14441498492298965,577659.9396919586
400,2020-07-15,2020-07-22,8091_翔名,0.2275174476570292,910069.7906281168
401,2020-07-15,2020-07-22,8046_南電,0.1904837212500432,761934.8850001728
402,2020-07-15,2020-07-22,6456_GIS-KY,0.17351604454782033,694064.1781912813
403,2020-07-15,2020-07-22,6116_彩晶,0.1729529360636044,691811.7442544176
404,2020-07-15,2020-07-22,1519_華城,0.17218318704991264,688732.7481996506
405,2020-07-22,2020-07-29,2303_聯電,0.27115700589374936,1084628.0235749974
406,2020-07-22,2020-07-29,5474_聰泰,0.22592785868086018,903711.4347234407
407,2020-07-22,2020-07-29,6187_萬潤,0.14645274362497318,585810.9744998927
408,2020-07-22,2020-07-29,6223_旺矽,0.11302936895778637,452117.4758311455
409,2020-07-22,2020-07-29,6196_帆宣,0.10383212621889748,415328.5048755899
410,2020-07-29,2020-08-05,3552_同致,0.37907021103676564,1516280.8441470626
411,2020-07-29,2020-08-05,6443_元晶,0.2736572890025577,1094629.1560102308
412,2020-07-29,2020-08-05,3673_TPK-KY,0.2453341897384771,981336.7589539083
413,2020-07-29,2020-08-05,3037_欣興,0.2404308074641004,961723.2298564016
414,2020-07-29,2020-08-05,5457_宣德,0.23686563227271784,947462.5290908713
415,2020-08-05,2020-08-12,6244_茂迪,0.43166471807598805,1726658.8723039522
416,2020-08-05,2020-08-12,6125_廣運,0.23443509031997722,937740.3612799089
417,2020-08-05,2020-08-12,3037_欣興,0.199204748317519,796818.993270076
418,2020-08-05,2020-08-12,9938_百和,0.16331330083822615,653253.2033529046
419,2020-08-05,2020-08-12,2368_金像電,0.12074298340499756,482971.93361999025
420,2020-08-12,2020-08-19,3218_大學光,0.4044069484349264,1617627.7937397056
421,2020-08-12,2020-08-19,2603_長榮,0.2536413747263957,1014565.4989055828
422,2020-08-12,2020-08-19,3645_達邁,0.2518804703414579,1007521.8813658316
423,2020-08-12,2020-08-19,5457_宣德,0.24001718161942986,960068.7264777195
424,2020-08-12,2020-08-19,3017_奇鋐,0.23424059804392483,936962.3921756994
425,2020-08-19,2020-08-26,5474_聰泰,0.19856995262312616,794279.8104925046
426,2020-08-19,2020-08-26,6188_廣明,0.19834481517852476,793379.260714099
427,2020-08-19,2020-08-26,3055_蔚華科,0.19599691491563065,783987.6596625226
428,2020-08-19,2020-08-26,6244_茂迪,0.19455809785832412,778232.3914332965
429,2020-08-19,2020-08-26,2231_為升,0.16746572815319594,669862.9126127837
430,2020-08-26,2020-09-02,3078_僑威,0.3050614579618811,1220245.8318475245
431,2020-08-26,2020-09-02,1513_中興電,0.28388714453653985,1135548.5781461594
432,2020-08-26,2020-09-02,6443_元晶,0.243217832535912,972871.330143648
433,2020-08-26,2020-09-02,6237_驊訊,0.19498226543872543,779929.0617549018
434,2020-08-26,2020-09-02,3708_上緯投控,0.1868847622215135,747539.0488860541
435,2020-09-02,2020-09-09,8924_大田,0.2564234080033503,1025693.6320134011
436,2020-09-02,2020-09-09,8111_立碁,0.20801393512452893,832055.7404981157
437,2020-09-02,2020-09-09,1304_台聚,0.19287984422184712,771519.3768873885
438,2020-09-02,2020-09-09,9105_泰金寶-DR,0.18096557784274303,723862.3113709721
439,2020-09-02,2020-09-09,1513_中興電,0.17185068172107076,687402.726884283
440,2020-09-09,2020-09-16,9105_泰金寶-DR,0.358622469882514,1434489.879530056
441,2020-09-09,2020-09-16,3661_世芯-KY,0.24716723757225112,988668.9502890045
442,2020-09-09,2020-09-16,6533_晶心科,0.18999302447154198,759972.0978861679
443,2020-09-09,2020-09-16,8499_鼎炫-KY,0.13166220255648908,526648.8102259564
444,2020-09-09,2020-09-16,6683_雍智科技,0.12428282852430028,497131.3140972011
445,2020-09-16,2020-09-23,9105_泰金寶-DR,0.56538717181788,2261548.68727152
446,2020-09-16,2020-09-23,3228_金麗科,0.21273961620293758,850958.4648117503
447,2020-09-16,2020-09-23,5443_均豪,0.1250798254586889,500319.3018347556
448,2020-09-16,2020-09-23,6104_創惟,0.10304225026724212,412169.0010689685
449,2020-09-16,2020-09-23,3691_碩禾,0.10288067023468295,411522.68093873176
450,2020-09-23,2020-09-30,2303_聯電,0.09070342489351502,362813.69957406004
451,2020-09-23,2020-09-30,2371_大同,0.08685500263316115,347420.0105326446
452,2020-09-23,2020-09-30,2615_萬海,0.08152402970972616,326096.11883890466
453,2020-09-23,2020-09-30,2408_南亞科,0.07140082593725894,285603.30374903575
454,2020-09-23,2020-09-30,2355_敬鵬,0.06872017779637529,274880.7111855012
455,2020-09-30,2020-10-07,2331_精英,0.18573432245635968,742937.2898254388
456,2020-09-30,2020-10-07,6415_矽力*-KY,0.17357237683215,694289.5073285999
457,2020-09-30,2020-10-07,8261_富鼎,0.1666309616021442,666523.8464085767
458,2020-09-30,2020-10-07,2615_萬海,0.14286869122362655,571474.7648945062
459,2020-09-30,2020-10-07,5274_信驊,0.1286255614091496,514502.2456365984
460,2020-10-07,2020-10-14,3552_同致,0.33571103418566905,1342844.1367426761
461,2020-10-07,2020-10-14,6443_元晶,0.22747075845633846,909883.0338253538
462,2020-10-07,2020-10-14,3691_碩禾,0.20423536613893467,816941.4645557387
463,2020-10-07,2020-10-14,1609_大亞,0.16779832915047965,671193.3166019187
464,2020-10-07,2020-10-14,3498_陽程,0.1574024918465684,629609.9673862737
465,2020-10-14,2020-10-21,6284_佳邦,0.21561994502131743,862479.7800852697
466,2020-10-14,2020-10-21,6491_晶碩,0.18972926974657978,758917.0789863191
467,2020-10-14,2020-10-21,3532_台勝科,0.1522148055725734,608859.2222902935
468,2020-10-14,2020-10-21,5425_台半,0.11426513660152704,457060.5464061082
469,2020-10-14,2020-10-21,6191_精成科,0.11406879684570903,456275.1873828361
470,2020-10-21,2020-10-28,3545_敦泰,0.16713331659026465,668533.2663610586
471,2020-10-21,2020-10-28,6548_長科*,0.15342079488407045,613683.1795362819
472,2020-10-21,2020-10-28,1513_中興電,0.1416032612951772,566413.0451807088
473,2020-10-21,2020-10-28,2344_華邦電,0.12727054886841627,509082.1954736651
474,2020-10-21,2020-10-28,2388_威盛,0.12356025365574808,494241.0146229923
475,2020-10-28,2020-11-04,5309_系統電,0.2536853047988452,1014741.2191953808
476,2020-10-28,2020-11-04,3189_景碩,0.17705832749656647,708233.3099862658
477,2020-10-28,2020-11-04,8499_鼎炫-KY,0.12704011108923763,508160.4443569505
478,2020-10-28,2020-11-04,8046_南電,0.12277484520492932,491099.38081971725
479,2020-10-28,2020-11-04,6187_萬潤,0.12062307103897019,482492.28415588074
480,2020-11-04,2020-11-11,6150_撼訊,0.3843892942633589,1537557.1770534355
481,2020-11-04,2020-11-11,3374_精材,0.25777816295452594,1031112.6518181037
482,2020-11-04,2020-11-11,6223_旺矽,0.21694728425511034,867789.1370204414
483,2020-11-04,2020-11-11,3661_世芯-KY,0.21392514871878765,855700.5948751506
484,2020-11-04,2020-11-11,2231_為升,0.19400095041976884,776003.8016790753
485,2020-11-11,2020-11-18,6533_晶心科,0.310080765531195,1240323.0621247801
486,2020-11-11,2020-11-18,2497_怡利電,0.2888475933456176,1155390.3733824703
487,2020-11-11,2020-11-18,6150_撼訊,0.27906348638642564,1116253.9455457025
488,2020-11-11,2020-11-18,2727_王品,0.20090365975644775,803614.639025791
489,2020-11-11,2020-11-18,8086_宏捷科,0.17703754987798903,708150.1995119561
490,2020-11-18,2020-11-25,6443_元晶,0.3395581424998235,1358232.5699992941
491,2020-11-18,2020-11-25,3228_金麗科,0.3394185720946885,1357674.288378754
492,2020-11-18,2020-11-25,5386_青雲,0.32090520890159735,1283620.8356063894
493,2020-11-18,2020-11-25,6533_晶心科,0.2900112068189815,1160044.827275926
494,2020-11-18,2020-11-25,00715L_期街口S&P布蘭特油正2,0.27593288510536773,1103731.540421471
495,2020-11-25,2020-12-02,2009_第一銅,0.36974391510782345,1478975.6604312938
496,2020-11-25,2020-12-02,6488_環球晶,0.356561995778677,1426247.983114708
497,2020-11-25,2020-12-02,3228_金麗科,0.3343718843469594,1337487.5373878377
498,2020-11-25,2020-12-02,8070_長華*,0.31534766330379504,1261390.6532151802
499,2020-11-25,2020-12-02,5483_中美晶,0.25350264994490224,1014010.5997796089
500,2020-12-02,2020-12-09,4961_天鈺,0.43443185295598385,1737727.4118239353
501,2020-12-02,2020-12-09,3059_華晶科,0.29390033492337353,1175601.3396934941
502,2020-12-02,2020-12-09,6150_撼訊,0.2425861451111142,970344.5804444568
503,2020-12-02,2020-12-09,8027_鈦昇,0.2122823614893159,849129.4459572636
504,2020-12-02,2020-12-09,2363_矽統,0.21026246772877855,841049.8709151142
505,2020-12-09,2020-12-16,4961_天鈺,0.32312985362063196,1292519.4144825279
506,2020-12-09,2020-12-16,5386_青雲,0.229557123529033,918228.494116132
507,2020-12-09,2020-12-16,6129_普誠,0.22856508843375845,914260.3537350338
508,2020-12-09,2020-12-16,2014_中鴻,0.209188760249863,836755.040999452
509,2020-12-09,2020-12-16,2345_智邦,0.16938172565918852,677526.9026367541
510,2020-12-16,2020-12-23,2009_第一銅,0.41005453809863956,1640218.1523945583
511,2020-12-16,2020-12-23,5608_四維航,0.3987714276525265,1595085.710610106
512,2020-12-16,2020-12-23,6237_驊訊,0.2846310900446605,1138524.360178642
513,2020-12-16,2020-12-23,2609_陽明,0.27783103953185284,1111324.1581274113
514,2020-12-16,2020-12-23,3545_敦泰,0.23402211010742202,936088.4404296881
515,2020-12-23,2020-12-30,2609_陽明,0.33884912426898417,1355396.4970759368
516,2020-12-23,2020-12-30,6129_普誠,0.3003437961976141,1201375.1847904564
517,2020-12-23,2020-12-30,2641_正德,0.27607830713467063,1104313.2285386825
518,2020-12-23,2020-12-30,6237_驊訊,0.23875733075922723,955029.3230369089
519,2020-12-23,2020-12-30,2603_長榮,0.2356082437618654,942432.9750474616
520,2020-12-30,2021-01-06,2328_廣宇,0.3622269533883229,1448907.8135532916
521,2020-12-30,2021-01-06,3380_明泰,0.2399586683467414,959834.6733869656
522,2020-12-30,2021-01-06,3552_同致,0.2398955553524802,959582.2214099207
523,2020-12-30,2021-01-06,5243_乙盛-KY,0.19991651857442183,799666.0742976873
524,2020-12-30,2021-01-06,4961_天鈺,0.1880886226984988,752354.4907939952
525,2021-01-06,2021-01-13,4760_勤凱,0.32429282779911595,1297171.3111964639
526,2021-01-06,2021-01-13,2401_凌陽,0.3090389209729305,1236155.683891722
527,2021-01-06,2021-01-13,2354_鴻準,0.29803046025806346,1192121.8410322538
528,2021-01-06,2021-01-13,6415_矽力*-KY,0.21418217068848477,856728.6827539391
529,2021-01-06,2021-01-13,4968_立積,0.20983406718755937,839336.2687502375
530,2021-01-13,2021-01-20,3003_健和興,0.23944267640210848,957770.7056084339
531,2021-01-13,2021-01-20,2328_廣宇,0.19113937014950944,764557.4805980377
532,2021-01-13,2021-01-20,2441_超豐,0.16987583203749534,679503.3281499813
533,2021-01-13,2021-01-20,8464_億豐,0.09025481564810756,361019.2625924302
534,2021-01-13,2021-01-20,4968_立積,0.08740145330867932,349605.8132347173
535,2021-01-20,2021-01-27,4576_大銀微系統,0.49120083228575173,1964803.3291430068
536,2021-01-20,2021-01-27,3552_同致,0.3449938093588716,1379975.2374354864
537,2021-01-20,2021-01-27,6533_晶心科,0.2032951664533451,813180.6658133804
538,2021-01-20,2021-01-27,3680_家登,0.19612510119589266,784500.4047835707
539,2021-01-20,2021-01-27,6472_保瑞,0.1700991048907834,680396.4195631336
540,2021-01-27,2021-02-03,6485_點序,0.21598613722242876,863944.5488897151
541,2021-01-27,2021-02-03,2409_友達,0.21048784572499146,841951.3828999659
542,2021-01-27,2021-02-03,6547_高端疫苗,0.1469101467527245,587640.587010898
543,2021-01-27,2021-02-03,4961_天鈺,0.14162479519446358,566499.1807778543
544,2021-01-27,2021-02-03,3023_信邦,0.10166595762271813,406663.8304908725
545,2021-02-03,2021-02-10,3169_亞信,0.20131219989539795,805248.7995815917
546,2021-02-03,2021-02-10,6547_高端疫苗,0.1989276294083393,795710.5176333572
547,2021-02-03,2021-02-10,4961_天鈺,0.17322425454953527,692897.0181981411
548,2021-02-03,2021-02-10,6485_點序,0.1291609043836235,516643.61753449397
549,2021-02-03,2021-02-10,3483_力致,0.12486428039824204,499457.1215929682
550,2021-02-10,2021-02-17,00637L_元大滬深300正2,0.13183031550509794,527321.2620203918
551,2021-02-10,2021-02-17,00655L_國泰中國A50正2,0.12886620139581262,515464.8055832505
552,2021-02-10,2021-02-17,00633L_富邦上証正2,0.12837843526116477,513513.74104465905
553,2021-02-10,2021-02-17,00715L_期街口S&P布蘭特油正2,0.12277105964336954,491084.2385734782
554,2021-02-10,2021-02-17,00650L_復華香港正2,0.11005214952396103,440208.5980958441
555,2021-02-17,2021-02-24,2009_第一銅,0.35073366903215386,1402934.6761286154
556,2021-02-17,2021-02-24,3078_僑威,0.3411693490955705,1364677.396382282
557,2021-02-17,2021-02-24,8431_匯鑽科,0.32617055436243536,1304682.2174497414
558,2021-02-17,2021-02-24,3006_晶豪科,0.323413595891926,1293654.383567704
559,2021-02-17,2021-02-24,6129_普誠,0.30934865609293305,1237394.6243717321
560,2021-02-24,2021-03-03,4571_鈞興-KY,0.44325470191367655,1773018.8076547063
561,2021-02-24,2021-03-03,3169_亞信,0.20573453047792922,822938.1219117169
562,2021-02-24,2021-03-03,8016_矽創,0.18026983514588868,721079.3405835547
563,2021-02-24,2021-03-03,2610_華航,0.17805011930500658,712200.4772200263
564,2021-02-24,2021-03-03,6129_普誠,0.15483960246215434,619358.4098486174
565,2021-03-03,2021-03-10,6712_長聖,0.13242083713834218,529683.3485533687
566,2021-03-03,2021-03-10,8431_匯鑽科,0.13204699257583563,528187.9703033426
567,2021-03-03,2021-03-10,6547_高端疫苗,0.13094278413626426,523771.136545057
568,2021-03-03,2021-03-10,3630_新鉅科,0.12480502417979711,499220.09671918844
569,2021-03-03,2021-03-10,6456_GIS-KY,0.11612102883989839,464484.11535959353
570,2021-03-10,2021-03-17,6129_普誠,0.45762199263392356,1830487.9705356942
571,2021-03-10,2021-03-17,5452_佶優,0.4499237330742816,1799694.9322971264
572,2021-03-10,2021-03-17,3545_敦泰,0.35319553073181864,1412782.1229272746
573,2021-03-10,2021-03-17,3228_金麗科,0.309178853372877,1236715.413491508
574,2021-03-10,2021-03-17,3362_先進光,0.2968813624735416,1187525.4498941663
575,2021-03-17,2021-03-24,3169_亞信,0.26910369435172754,1076414.7774069102
576,2021-03-17,2021-03-24,6547_高端疫苗,0.25195642144817154,1007825.6857926862
577,2021-03-17,2021-03-24,3294_英濟,0.21923033986842588,876921.3594737035
578,2021-03-17,2021-03-24,8099_大世科,0.2081705139301906,832682.0557207623
579,2021-03-17,2021-03-24,5608_四維航,0.2073593286430122,829437.3145720488
580,2021-03-24,2021-03-31,6781_AES-KY,0.39955987111130375,1598239.484445215
581,2021-03-24,2021-03-31,3362_先進光,0.3590970371706734,1436388.1486826937
582,2021-03-24,2021-03-31,4919_新唐,0.28208961215865114,1128358.4486346045
583,2021-03-24,2021-03-31,6138_茂達,0.2527832810581132,1011133.1242324528
584,2021-03-24,2021-03-31,3545_敦泰,0.21443257324799792,857730.2929919916
585,2021-03-31,2021-04-07,2457_飛宏,0.3183793329907887,1273517.3319631547
586,2021-03-31,2021-04-07,6150_撼訊,0.31531244223420063,1261249.7689368026
587,2021-03-31,2021-04-07,6237_驊訊,0.2602182163641731,1040872.8654566923
588,2021-03-31,2021-04-07,6187_萬潤,0.24659592650619588,986383.7060247835
589,2021-03-31,2021-04-07,8924_大田,0.23201919664734594,928076.7865893837
590,2021-04-07,2021-04-14,2002_中鋼,0.21643960958387654,865758.4383355061
591,2021-04-07,2021-04-14,2014_中鴻,0.21640089750787728,865603.590031509
592,2021-04-07,2021-04-14,3675_德微,0.20049248644855733,801969.9457942293
593,2021-04-07,2021-04-14,6416_瑞祺電通,0.19297257246916866,771890.2898766747
594,2021-04-07,2021-04-14,5608_四維航,0.18027297012909438,721091.8805163775
595,2021-04-14,2021-04-21,5608_四維航,0.4380833701177085,1752333.4804708338
596,2021-04-14,2021-04-21,2605_新興,0.42703170876349894,1708126.8350539957
597,2021-04-14,2021-04-21,1608_華榮,0.41615898359441084,1664635.9343776433
598,2021-04-14,2021-04-21,2641_正德,0.41105199096911016,1644207.9638764407
599,2021-04-14,2021-04-21,2637_慧洋-KY,0.40858053737467603,1634322.1494987041
600,2021-04-21,2021-04-28,1609_大亞,0.4079307672037984,1631723.0688151936
601,2021-04-21,2021-04-28,2009_第一銅,0.3844607257066974,1537842.9028267898
602,2021-04-21,2021-04-28,6116_彩晶,0.35473810513635695,1418952.4205454278
603,2021-04-21,2021-04-28,1608_華榮,0.35466437709005794,1418657.5083602318
604,2021-04-21,2021-04-28,8390_金益鼎,0.3519002190940599,1407600.8763762396
605,2021-04-28,2021-05-05,2609_陽明,0.1518505376967878,607402.1507871512
606,2021-04-28,2021-05-05,3515_華擎,0.12762712862413772,510508.5144965509
607,2021-04-28,2021-05-05,2014_中鴻,0.1069502759327654,427801.1037310616
608,2021-04-28,2021-05-05,00715L_期街口S&P布蘭特油正2,0.09634103469937005,385364.1387974802
609,2021-04-28,2021-05-05,2377_微星,0.08529532231843029,341181.28927372117
610,2021-05-05,2021-05-12,5608_四維航,0.2154351041650262,861740.4166601048
611,2021-05-05,2021-05-12,3228_金麗科,0.1921280239690213,768512.0958760851
612,2021-05-05,2021-05-12,3661_世芯-KY,0.18742131624374125,749685.264974965
613,2021-05-05,2021-05-12,2014_中鴻,0.1723345362701052,689338.1450804208
614,2021-05-05,2021-05-12,6547_高端疫苗,0.14180733439052529,567229.3375621012
615,2021-05-12,2021-05-19,6472_保瑞,0.3646731815918187,1458692.7263672748
616,2021-05-12,2021-05-19,6679_鈺太,0.31538378495088004,1261535.1398035202
617,2021-05-12,2021-05-19,1795_美時,0.2484564767236752,993825.9068947008
618,2021-05-12,2021-05-19,8081_致新,0.2137189592886395,854875.8371545579
619,2021-05-12,2021-05-19,2368_金像電,0.20551421333144138,822056.8533257655
620,2021-05-19,2021-05-26,3228_金麗科,0.3783723456496184,1513489.3825984737
621,2021-05-19,2021-05-26,4746_台耀,0.3626711593039429,1450684.6372157715
622,2021-05-19,2021-05-26,2615_萬海,0.3435579976187422,1374231.9904749687
623,2021-05-19,2021-05-26,3362_先進光,0.25730547753329436,1029221.9101331774
624,2021-05-19,2021-05-26,5608_四維航,0.23529045067494714,941161.8026997886
625,2021-05-26,2021-06-02,2636_台驊控股,0.5887951367069353,2355180.546827741
626,2021-05-26,2021-06-02,2603_長榮,0.2819293212066858,1127717.2848267432
627,2021-05-26,2021-06-02,3141_晶宏,0.2520619625998266,1008247.8503993064
628,2021-05-26,2021-06-02,2615_萬海,0.24121430873092176,964857.2349236871
629,2021-05-26,2021-06-02,4919_新唐,0.20326105571434838,813044.2228573936
630,2021-06-02,2021-06-09,3228_金麗科,0.23647123146688998,945884.9258675599
631,2021-06-02,2021-06-09,3141_晶宏,0.16540636885505156,661625.4754202062
632,2021-06-02,2021-06-09,3131_弘塑,0.15904891597745308,636195.6639098123
633,2021-06-02,2021-06-09,6485_點序,0.15638335071184528,625533.4028473811
634,2021-06-02,2021-06-09,3037_欣興,0.14137224689567685,565488.9875827074
635,2021-06-09,2021-06-16,5608_四維航,0.30392001565397275,1215680.062615891
636,2021-06-09,2021-06-16,2615_萬海,0.2754261140024903,1101704.4560099612
637,2021-06-09,2021-06-16,2641_正德,0.2524307953881304,1009723.1815525217
638,2021-06-09,2021-06-16,2636_台驊控股,0.2471629423107924,988651.7692431696
639,2021-06-09,2021-06-16,6643_M31,0.2382650757405207,953060.3029620828
640,2021-06-16,2021-06-23,6640_均華,0.41322163403029344,1652886.5361211738
641,2021-06-16,2021-06-23,3218_大學光,0.32187547077377454,1287501.8830950982
642,2021-06-16,2021-06-23,2641_正德,0.30853338906230765,1234133.5562492306
643,2021-06-16,2021-06-23,2605_新興,0.3082007070297763,1232802.8281191052
644,2021-06-16,2021-06-23,3552_同致,0.2982231772190702,1192892.7088762808
645,2021-06-23,2021-06-30,2605_新興,0.4255256757886543,1702102.7031546172
646,2021-06-23,2021-06-30,2612_中航,0.42487525139568993,1699501.0055827596
647,2021-06-23,2021-06-30,2603_長榮,0.41243974915096193,1649758.9966038477
648,2021-06-23,2021-06-30,2615_萬海,0.41048217380322005,1641928.6952128801
649,2021-06-23,2021-06-30,2636_台驊控股,0.40587074509933707,1623482.9803973483
650,2021-06-30,2021-07-07,2486_一詮,0.3059884613511652,1223953.8454046608
651,2021-06-30,2021-07-07,5425_台半,0.24166960291866113,966678.4116746446
652,2021-06-30,2021-07-07,6548_長科*,0.22294592946681635,891783.7178672655
653,2021-06-30,2021-07-07,3624_光頡,0.2022839909622256,809135.9638489024
654,2021-06-30,2021-07-07,8255_朋程,0.20185568059526537,807422.7223810615
655,2021-07-07,2021-07-14,3675_德微,0.2991868671658571,1196747.4686634282
656,2021-07-07,2021-07-14,4919_新唐,0.294626150202687,1178504.600810748
657,2021-07-07,2021-07-14,5269_祥碩,0.25506530600371,1020261.2240148401
658,2021-07-07,2021-07-14,3035_智原,0.23314780031853521,932591.2012741409
659,2021-07-07,2021-07-14,8110_華東,0.21625820213777303,865032.808551092
660,2021-07-14,2021-07-21,6104_創惟,0.4429358079607333,1771743.2318429332
661,2021-07-14,2021-07-21,6547_高端疫苗,0.3526497451508206,1410598.9806032823
662,2021-07-14,2021-07-21,8054_安國,0.27633356089367367,1105334.2435746947
663,2021-07-14,2021-07-21,5340_建榮,0.2453245209138497,981298.0836553988
664,2021-07-14,2021-07-21,8255_朋程,0.23259340069822332,930373.6027928933
665,2021-07-21,2021-07-28,6568_宏觀,0.35475154428993094,1419006.1771597238
666,2021-07-21,2021-07-28,3691_碩禾,0.15856602932642927,634264.1173057171
667,2021-07-21,2021-07-28,3545_敦泰,0.1570288282637171,628115.3130548685
668,2021-07-21,2021-07-28,3357_臺慶科,0.1563591132305382,625436.4529221528
669,2021-07-21,2021-07-28,8436_大江,0.1545193600692587,618077.4402770348
670,2021-07-28,2021-08-04,6485_點序,0.3434398523337976,1373759.4093351904
671,2021-07-28,2021-08-04,2329_華泰,0.2322360649145001,928944.2596580004
672,2021-07-28,2021-08-04,2363_矽統,0.22541321721735752,901652.86886943
673,2021-07-28,2021-08-04,3663_鑫科,0.20279187849412383,811167.5139764954
674,2021-07-28,2021-08-04,6568_宏觀,0.19550625659539378,782025.0263815752
675,2021-08-04,2021-08-11,3036_文曄,0.081687070919374,326748.28367749596
676,2021-08-04,2021-08-11,5347_世界,0.07105594075556954,284223.76302227814
677,2021-08-04,2021-08-11,9921_巨大,0.06942076708432143,277683.0683372857
678,2021-08-04,2021-08-11,4721_美琪瑪,0.06496287361691189,259851.49446764754
679,2021-08-04,2021-08-11,2404_漢唐,0.05174974187347625,206998.96749390502
680,2021-08-11,2021-08-18,4721_美琪瑪,0.3194953480715912,1277981.3922863647
681,2021-08-11,2021-08-18,6547_高端疫苗,0.1835277983999959,734111.1935999836
682,2021-08-11,2021-08-18,4919_新唐,0.1704503484291937,681801.3937167749
683,2021-08-11,2021-08-18,2612_中航,0.11677309270012115,467092.3708004846
684,2021-08-11,2021-08-18,6491_晶碩,0.09211093351254895,368443.73405019584
685,2021-08-18,2021-08-25,6469_大樹,0.2580059068787983,1032023.6275151933
686,2021-08-18,2021-08-25,5608_四維航,0.24516528742753474,980661.1497101389
687,2021-08-18,2021-08-25,2612_中航,0.23250689030273342,930027.5612109336
688,2021-08-18,2021-08-25,3675_德微,0.22583650755660223,903346.030226409
689,2021-08-18,2021-08-25,2605_新興,0.19866278926549374,794651.157061975
690,2021-08-25,2021-09-01,3689_湧德,0.3121709498370564,1248683.7993482256
691,2021-08-25,2021-09-01,3529_力旺,0.22074494984394755,882979.7993757902
692,2021-08-25,2021-09-01,6568_宏觀,0.21792832990510602,871713.3196204241
693,2021-08-25,2021-09-01,3663_鑫科,0.19584336893306142,783373.4757322457
694,2021-08-25,2021-09-01,2915_潤泰全,0.16662269722897816,666490.7889159126
695,2021-09-01,2021-09-08,8121_越峰,0.2592814961708283,1037125.9846833132
696,2021-09-01,2021-09-08,1584_精剛,0.18693260039201376,747730.401568055
697,2021-09-01,2021-09-08,6643_M31,0.07493667275954374,299746.69103817496
698,2021-09-01,2021-09-08,6568_宏觀,0.05530432238126437,221217.28952505748
699,2021-09-01,2021-09-08,6531_愛普*,0.05429521722443309,217180.86889773235
700,2021-09-08,2021-09-15,8121_越峰,0.4232726430759717,1693090.5723038868
701,2021-09-08,2021-09-15,1711_永光,0.39437371575553404,1577494.863022136
702,2021-09-08,2021-09-15,3035_智原,0.1854936583008635,741974.6332034541
703,2021-09-08,2021-09-15,6411_晶焱,0.16680877883908352,667235.115356334
704,2021-09-08,2021-09-15,6568_宏觀,0.15741647862636077,629665.9145054431
705,2021-09-15,2021-09-22,6213_聯茂,0.09790161905904315,391606.4762361726
706,2021-09-15,2021-09-22,3707_漢磊,0.09186144073841551,367445.762953662
707,2021-09-15,2021-09-22,2368_金像電,0.08232934613729803,329317.38454919215
708,2021-09-15,2021-09-22,6411_晶焱,0.08012584446509474,320503.37786037894
709,2021-09-15,2021-09-22,2201_裕隆,0.07676303125136164,307052.12500544655
710,2021-09-22,2021-09-29,4503_金雨,0.2225191093386507,890076.4373546029
711,2021-09-22,2021-09-29,6126_信音,0.18785415904186187,751416.6361674474
712,2021-09-22,2021-09-29,6409_旭隼,0.18010875139489313,720435.0055795725
713,2021-09-22,2021-09-29,3062_建漢,0.16973534047684735,678941.3619073894
714,2021-09-22,2021-09-29,1308_亞聚,0.15201992276445786,608079.6910578314
715,2021-09-29,2021-10-06,3708_上緯投控,0.18176357163581547,727054.2865432618
716,2021-09-29,2021-10-06,00715L_期街口S&P布蘭特油正2,0.15312023114330486,612480.9245732195
717,2021-09-29,2021-10-06,2351_順德,0.14872436220471696,594897.4488188679
718,2021-09-29,2021-10-06,9958_世紀鋼,0.14291470668459083,571658.8267383634
719,2021-09-29,2021-10-06,6781_AES-KY,0.11874013045407339,474960.52181629353
720,2021-10-06,2021-10-13,8121_越峰,0.2932365693616825,1172946.27744673
721,2021-10-06,2021-10-13,2376_技嘉,0.27246103362801843,1089844.1345120738
722,2021-10-06,2021-10-13,4503_金雨,0.23121720737301876,924868.829492075
723,2021-10-06,2021-10-13,3035_智原,0.20910739626948738,836429.5850779496
724,2021-10-06,2021-10-13,6533_晶心科,0.14981070283181963,599242.8113272785
725,2021-10-13,2021-10-20,6568_宏觀,0.2877571664568339,1151028.6658273356
726,2021-10-13,2021-10-20,2498_宏達電,0.2840535829918196,1136214.3319672784
727,2021-10-13,2021-10-20,3169_亞信,0.25226621758853374,1009064.8703541349
728,2021-10-13,2021-10-20,3037_欣興,0.24558008200584003,982320.3280233601
729,2021-10-13,2021-10-20,3675_德微,0.24404870658796973,976194.8263518789
730,2021-10-20,2021-10-27,4968_立積,0.44861435570892816,1794457.4228357126
731,2021-10-20,2021-10-27,2498_宏達電,0.3572040143805486,1428816.0575221945
732,2021-10-20,2021-10-27,6531_愛普*,0.3044130185303833,1217652.0741215332
733,2021-10-20,2021-10-27,3062_建漢,0.27335481878184886,1093419.2751273955
734,2021-10-20,2021-10-27,2388_威盛,0.25166319224145783,1006652.7689658314
735,2021-10-27,2021-11-03,3491_昇達科,0.3911902663734894,1564761.0654939576
736,2021-10-27,2021-11-03,3305_昇貿,0.24150848969094962,966033.9587637985
737,2021-10-27,2021-11-03,5371_中光電,0.2231138472507761,892455.3890031044
738,2021-10-27,2021-11-03,2609_陽明,0.20629475210731463,825179.0084292585
739,2021-10-27,2021-11-03,2388_威盛,0.19908054772075867,796322.1908830347
740,2021-11-03,2021-11-10,2388_威盛,0.2937284863888472,1174913.9455553887
741,2021-11-03,2021-11-10,2498_宏達電,0.24964432545061443,998577.3018024578
742,2021-11-03,2021-11-10,2618_長榮航,0.23569740217549606,942789.6087019843
743,2021-11-03,2021-11-10,2610_華航,0.2059368262607335,823747.305042934
744,2021-11-03,2021-11-10,3515_華擎,0.18838500674750036,753540.0269900014
745,2021-11-10,2021-11-17,3062_建漢,0.3212861415752746,1285144.5663010983
746,2021-11-10,2021-11-17,6781_AES-KY,0.3065971550566309,1226388.6202265236
747,2021-11-10,2021-11-17,3016_嘉晶,0.3052606107407225,1221042.44296289
748,2021-11-10,2021-11-17,6138_茂達,0.2881826367820619,1152730.5471282476
749,2021-11-10,2021-11-17,3228_金麗科,0.2845328598062362,1138131.439224945
750,2021-11-17,2021-11-24,8069_元太,0.24385321544018468,975412.8617607388
751,2021-11-17,2021-11-24,3483_力致,0.2414455133916127,965782.0535664507
752,2021-11-17,2021-11-24,6190_萬泰科,0.22471099911193448,898843.9964477379
753,2021-11-17,2021-11-24,3532_台勝科,0.2221932594594902,888773.0378379608
754,2021-11-17,2021-11-24,2340_台亞,0.2150114061155135,860045.624462054
755,2021-11-24,2021-12-01,2497_怡利電,0.376303592499043,1505214.369996172
756,2021-11-24,2021-12-01,3680_家登,0.1709083680116441,683633.4720465764
757,2021-11-24,2021-12-01,4919_新唐,0.16937310296807961,677492.4118723185
758,2021-11-24,2021-12-01,6235_華孚,0.16083377773655783,643335.1109462313
759,2021-11-24,2021-12-01,2355_敬鵬,0.15795055886432263,631802.2354572905
760,2021-12-01,2021-12-08,2615_萬海,0.26615502330218677,1064620.093208747
761,2021-12-01,2021-12-08,8478_東哥遊艇,0.25845201366336834,1033808.0546534733
762,2021-12-01,2021-12-08,6235_華孚,0.23403265006042906,936130.6002417163
763,2021-12-01,2021-12-08,6129_普誠,0.215139860418744,860559.441674976
764,2021-12-01,2021-12-08,3294_英濟,0.20643191979975795,825727.6791990318
765,2021-12-08,2021-12-15,8114_振樺電,0.17953198870519627,718127.9548207851
766,2021-12-08,2021-12-15,3059_華晶科,0.15063491283805064,602539.6513522025
767,2021-12-08,2021-12-15,3596_智易,0.14866685210825215,594667.4084330086
768,2021-12-08,2021-12-15,2457_飛宏,0.13859468714276035,554378.7485710414
769,2021-12-08,2021-12-15,8155_博智,0.12965238940063717,518609.5576025487
770,2021-12-15,2021-12-22,6111_大宇資,0.4034376239149102,1613750.495659641
771,2021-12-15,2021-12-22,3035_智原,0.21868774493338128,874750.9797335251
772,2021-12-15,2021-12-22,3008_大立光,0.20772571633058434,830902.8653223374
773,2021-12-15,2021-12-22,2476_鉅祥,0.162797322318758,651189.289275032
774,2021-12-15,2021-12-22,6235_華孚,0.14363078610477986,574523.1444191195
775,2021-12-22,2021-12-29,2374_佳能,0.2985658409387224,1194263.3637548897
776,2021-12-22,2021-12-29,3624_光頡,0.29683416327263146,1187336.653090526
777,2021-12-22,2021-12-29,1560_中砂,0.2878240279162514,1151296.1116650056
778,2021-12-22,2021-12-29,2340_台亞,0.22227704641178514,889108.1856471406
779,2021-12-22,2021-12-29,3583_辛耘,0.20094255418470697,803770.2167388279
780,2021-12-29,2022-01-05,2323_中環,0.27377603164105047,1095104.126564202
781,2021-12-29,2022-01-05,2359_所羅門,0.20972575943056904,838903.0377222762
782,2021-12-29,2022-01-05,6414_樺漢,0.19945394146310003,797815.7658524001
783,2021-12-29,2022-01-05,4939_亞電,0.1373963216732783,549585.2866931133
784,2021-12-29,2022-01-05,2327_國巨*,0.12081208254247366,483248.3301698947
785,2022-01-05,2022-01-12,3583_辛耘,0.13115116792324333,524604.6716929734
786,2022-01-05,2022-01-12,3036_文曄,0.12096202946572876,483848.11786291504
787,2022-01-05,2022-01-12,5258_虹堡,0.11358125038374611,454325.00153498445
788,2022-01-05,2022-01-12,2360_致茂,0.10530638891892985,421225.5556757194
789,2022-01-05,2022-01-12,00753L_中信中國50正2,0.10246409406764534,409856.3762705814
790,2022-01-12,2022-01-19,2368_金像電,0.20226561409392385,809062.4563756954
791,2022-01-12,2022-01-19,3592_瑞鼎,0.16683425988488465,667337.0395395386
792,2022-01-12,2022-01-19,8155_博智,0.11014299567052266,440571.98268209066
793,2022-01-12,2022-01-19,4919_新唐,0.10291169502245978,411646.7800898391
794,2022-01-12,2022-01-19,2421_建準,0.10159122632103701,406364.90528414806
795,2022-01-19,2022-01-26,2101_南港,0.1365847031653311,546338.8126613244
796,2022-01-19,2022-01-26,3665_貿聯-KY,0.1354258773822552,541703.5095290208
797,2022-01-19,2022-01-26,3086_華義,0.10512166699357373,420486.6679742949
798,2022-01-19,2022-01-26,3526_凡甲,0.04249099602771267,169963.98411085067
799,2022-01-19,2022-01-26,9802_鈺齊-KY,0.03689994216310022,147599.76865240087
800,2022-01-26,2022-02-02,2880_華南金,-0.006979062811565018,-27916.25124626007
801,2022-01-26,2022-02-02,3059_華晶科,-0.006979062811565018,-27916.25124626007
802,2022-01-26,2022-02-02,3260_威剛,-0.006979062811565018,-27916.25124626007
803,2022-01-26,2022-02-02,5876_上海商銀,-0.006979062811565018,-27916.25124626007
804,2022-01-26,2022-02-02,6223_旺矽,-0.006979062811565018,-27916.25124626007
805,2022-02-02,2022-02-09,6104_創惟,0.24066919047259216,962676.7618903687
806,2022-02-02,2022-02-09,2497_怡利電,0.22313672806724139,892546.9122689655
807,2022-02-02,2022-02-09,3548_兆利,0.20914045542141446,836561.8216856578
808,2022-02-02,2022-02-09,3035_智原,0.17717549373180197,708701.9749272079
809,2022-02-02,2022-02-09,2618_長榮航,0.1753634445500709,701453.7782002836
810,2022-02-09,2022-02-16,6679_鈺太,0.12764480533871203,510579.2213548481
811,2022-02-09,2022-02-16,3532_台勝科,0.11194320265011437,447772.8106004575
812,2022-02-09,2022-02-16,2618_長榮航,0.10642774909002028,425710.99636008113
813,2022-02-09,2022-02-16,2637_慧洋-KY,0.09838341530762218,393533.66123048874
814,2022-02-09,2022-02-16,8112_至上,0.094118479055185,376473.91622074
815,2022-02-16,2022-02-23,1708_東鹼,0.17100193019802612,684007.7207921045
816,2022-02-16,2022-02-23,1795_美時,0.13722867851655485,548914.7140662194
817,2022-02-16,2022-02-23,2497_怡利電,0.13281109851214778,531244.3940485911
818,2022-02-16,2022-02-23,2915_潤泰全,0.1327924354146044,531169.7416584176
819,2022-02-16,2022-02-23,2618_長榮航,0.11377403425286259,455096.13701145037
820,2022-02-23,2022-03-02,00715L_期街口S&P布蘭特油正2,0.3328062384644257,1331224.953857703
821,2022-02-23,2022-03-02,3035_智原,0.24428572525058212,977142.9010023285
822,2022-02-23,2022-03-02,00642U_期元大S&P石油,0.1666509453674907,666603.7814699628
823,2022-02-23,2022-03-02,4162_智擎,0.15586054585248266,623442.1834099307
824,2022-02-23,2022-03-02,1795_美時,0.14316986214132466,572679.4485652986
825,2022-03-02,2022-03-09,00715L_期街口S&P布蘭特油正2,0.3753938185443668,1501575.2741774672
826,2022-03-02,2022-03-09,00642U_期元大S&P石油,0.15649991920263684,625999.6768105474
827,2022-03-02,2022-03-09,00708L_期元大S&P黃金正2,0.12891855703903765,515674.2281561506
828,2022-03-02,2022-03-09,00738U_期元大道瓊白銀,0.0777721395439559,311088.5581758236
829,2022-03-02,2022-03-09,2359_所羅門,0.07138050386182937,285522.0154473175
830,2022-03-09,2022-03-16,00673R_期元大S&P原油反1,0.23727205480333202,949088.2192133281
831,2022-03-09,2022-03-16,1513_中興電,0.21984502257303173,879380.090292127
832,2022-03-09,2022-03-16,3016_嘉晶,0.14195278658022503,567811.1463209002
833,2022-03-09,2022-03-16,3628_盈正,0.12646314116988688,505852.56467954756
834,2022-03-09,2022-03-16,3653_健策,0.09934869419451053,397394.77677804214
835,2022-03-16,2022-03-23,00753L_中信中國50正2,0.37629217610326937,1505168.7044130776
836,2022-03-16,2022-03-23,00665L_富邦恒生國企正2,0.3277979274023035,1311191.709609214
837,2022-03-16,2022-03-23,00715L_期街口S&P布蘭特油正2,0.2973618548906696,1189447.4195626783
838,2022-03-16,2022-03-23,00650L_復華香港正2,0.2878695292421858,1151478.116968743
839,2022-03-16,2022-03-23,3532_台勝科,0.2821273206754902,1128509.2827019608
840,2022-03-23,2022-03-30,3558_神準,0.23462241874343692,938489.6749737477
841,2022-03-23,2022-03-30,1795_美時,0.18363147261617185,734525.8904646874
842,2022-03-23,2022-03-30,2743_山富,0.1686672093810313,674668.8375241252
843,2022-03-23,2022-03-30,3552_同致,0.1565861538919322,626344.6155677288
844,2022-03-23,2022-03-30,2351_順德,0.1404402577997228,561761.0311988912
845,2022-03-30,2022-04-06,2345_智邦,0.1015570741481584,406228.2965926336
846,2022-03-30,2022-04-06,4513_福裕,0.08658656671600484,346346.2668640194
847,2022-03-30,2022-04-06,6712_長聖,0.08373337611588849,334933.50446355395
848,2022-03-30,2022-04-06,3552_同致,0.08119462565918867,324778.50263675465
849,2022-03-30,2022-04-06,3558_神準,0.07625466640848688,305018.66563394753
850,2022-04-06,2022-04-13,4931_新盛力,0.2554711975889361,1021884.7903557444
851,2022-04-06,2022-04-13,1605_華新,0.18029429935233932,721177.1974093573
852,2022-04-06,2022-04-13,3558_神準,0.1495586746462696,598234.6985850784
853,2022-04-06,2022-04-13,8183_精星,0.14199211301801107,567968.4520720443
854,2022-04-06,2022-04-13,1708_東鹼,0.12712120050106113,508484.8020042445
855,2022-04-13,2022-04-20,1605_華新,0.31178065802592236,1247122.6321036895
856,2022-04-13,2022-04-20,3708_上緯投控,0.18249939317488195,729997.5726995278
857,2022-04-13,2022-04-20,1584_精剛,0.15759148709452275,630365.948378091
858,2022-04-13,2022-04-20,4931_新盛力,0.15569672890875141,622786.9156350057
859,2022-04-13,2022-04-20,2606_裕民,0.12627044079121852,505081.76316487405
860,2022-04-20,2022-04-27,9945_潤泰新,0.11454447845275362,458177.91381101444
861,2022-04-20,2022-04-27,9802_鈺齊-KY,0.09485183144805909,379407.32579223637
862,2022-04-20,2022-04-27,5388_中磊,0.08363881738813972,334555.2695525589
863,2022-04-20,2022-04-27,2915_潤泰全,0.07939082763431671,317563.31053726684
864,2022-04-20,2022-04-27,3675_德微,0.07257901862991556,290316.07451966224
865,2022-04-27,2022-05-04,4968_立積,0.1713950869226819,685580.3476907277
866,2022-04-27,2022-05-04,2637_慧洋-KY,0.16042204962429096,641688.1984971638
867,2022-04-27,2022-05-04,3443_創意,0.15594308855078443,623772.3542031377
868,2022-04-27,2022-05-04,3529_力旺,0.12045043977210423,481801.75908841693
869,2022-04-27,2022-05-04,8478_東哥遊艇,0.11346106242169784,453844.2496867914
870,2022-05-04,2022-05-11,8155_博智,0.1516256680253525,606502.67210141
871,2022-05-04,2022-05-11,3443_創意,0.10853338651212763,434133.5460485105
872,2022-05-04,2022-05-11,1584_精剛,0.09422052314394391,376882.09257577563
873,2022-05-04,2022-05-11,2359_所羅門,0.09396843057928783,375873.7223171513
874,2022-05-04,2022-05-11,3228_金麗科,0.09170002524347898,366800.1009739159
875,2022-05-11,2022-05-18,8097_常珵,0.20213328269160802,808533.130766432
876,2022-05-11,2022-05-18,6415_矽力*-KY,0.14804228985624945,592169.1594249979
877,2022-05-11,2022-05-18,3529_力旺,0.14766370053809297,590654.8021523718
878,2022-05-11,2022-05-18,6719_力智,0.1446102071252644,578440.8285010576
879,2022-05-11,2022-05-18,8114_振樺電,0.12671169371263646,506846.77485054586
880,2022-05-18,2022-05-25,4931_新盛力,0.2643036582754914,1057214.6331019655
881,2022-05-18,2022-05-25,4551_智伸科,0.14017875242086442,560715.0096834577
882,2022-05-18,2022-05-25,8028_昇陽半導體,0.13939222333001,557568.89332004
883,2022-05-18,2022-05-25,1522_堤維西,0.13909833799472926,556393.351978917
884,2022-05-18,2022-05-25,1605_華新,0.1137275727213487,454910.2908853948
885,2022-05-25,2022-06-01,5258_虹堡,0.3871346546976855,1548538.618790742
886,2022-05-25,2022-06-01,8478_東哥遊艇,0.2947977019003891,1179190.8076015564
887,2022-05-25,2022-06-01,8097_常珵,0.2933231606127169,1173292.6424508677
888,2022-05-25,2022-06-01,8261_富鼎,0.25898374797247814,1035934.9918899125
889,2022-05-25,2022-06-01,1560_中砂,0.20033597252735524,801343.890109421
890,2022-06-01,2022-06-08,1795_美時,0.14672389679925235,586895.5871970094
891,2022-06-01,2022-06-08,3653_健策,0.13107642910087192,524305.7164034877
892,2022-06-01,2022-06-08,5258_虹堡,0.11921191805161957,476847.67220647825
893,2022-06-01,2022-06-08,2745_五福,0.1163843561663298,465537.4246653192
894,2022-06-01,2022-06-08,3207_耀勝,0.10649030451577901,425961.218063116
895,2022-06-08,2022-06-15,4768_晶呈科技,0.12321232864449727,492849.3145779891
896,2022-06-08,2022-06-15,2368_金像電,0.09011241005039539,360449.6402015815
897,2022-06-08,2022-06-15,6546_正基,0.07932195096540373,317287.8038616149
898,2022-06-08,2022-06-15,00637L_元大滬深300正2,0.07283822291989295,291352.89167957177
899,2022-06-08,2022-06-15,00633L_富邦上証正2,0.07188735126086354,287549.40504345414
900,2022-06-15,2022-06-22,6472_保瑞,0.15373116407671583,614924.6563068633
901,2022-06-15,2022-06-22,4162_智擎,0.11610895955350031,464435.83821400127
902,2022-06-15,2022-06-22,2498_宏達電,0.07875717110962221,315028.68443848885
903,2022-06-15,2022-06-22,2201_裕隆,0.07399373414227317,295974.9365690927
904,2022-06-15,2022-06-22,00673R_期元大S&P原油反1,0.06473911598537718,258956.46394150873
905,2022-06-22,2022-06-29,6245_立端,0.21883782363768134,875351.2945507254
906,2022-06-22,2022-06-29,8114_振樺電,0.20521471113252643,820858.8445301057
907,2022-06-22,2022-06-29,1319_東陽,0.17848486320148704,713939.4528059482
908,2022-06-22,2022-06-29,3062_建漢,0.17388338021494953,695533.5208597982
909,2022-06-22,2022-06-29,4114_健喬,0.15912438758297864,636497.5503319146
910,2022-06-29,2022-07-06,4979_華星光,0.1330497088674394,532198.8354697576
911,2022-06-29,2022-07-06,2388_威盛,0.09340283619540113,373611.34478160454
912,2022-06-29,2022-07-06,2498_宏達電,0.08659406396196045,346376.2558478418
913,2022-06-29,2022-07-06,00673R_期元大S&P原油反1,0.08624331088367554,344973.24353470217
914,2022-06-29,2022-07-06,00676R_富邦臺灣加權反1,0.07257233823391718,290289.3529356687
915,2022-07-06,2022-07-13,6546_正基,0.26718673689940475,1068746.947597619
916,2022-07-06,2022-07-13,4979_華星光,0.2466777214049758,986710.8856199032
917,2022-07-06,2022-07-13,3228_金麗科,0.23974801951169433,958992.0780467773
918,2022-07-06,2022-07-13,3491_昇達科,0.22453496867132383,898139.8746852953
919,2022-07-06,2022-07-13,6469_大樹,0.20506522497210944,820260.8998884377
920,2022-07-13,2022-07-20,3362_先進光,0.329179775847555,1316719.1033902199
921,2022-07-13,2022-07-20,6150_撼訊,0.28092804918577596,1123712.196743104
922,2022-07-13,2022-07-20,3529_力旺,0.26780350486302695,1071214.0194521078
923,2022-07-13,2022-07-20,2743_山富,0.24481409227547268,979256.3691018907
924,2022-07-13,2022-07-20,1560_中砂,0.22835295308255743,913411.8123302297
925,2022-07-20,2022-07-27,2388_威盛,0.3205104364444229,1282041.7457776915
926,2022-07-20,2022-07-27,6237_驊訊,0.20266866669431138,810674.6667772456
927,2022-07-20,2022-07-27,3680_家登,0.14895154759821794,595806.1903928717
928,2022-07-20,2022-07-27,3062_建漢,0.12646038577639263,505841.5431055705
929,2022-07-20,2022-07-27,3023_信邦,0.113647416467755,454589.66587102
930,2022-07-27,2022-08-03,6442_光聖,0.2438699689184134,975479.8756736536
931,2022-07-27,2022-08-03,8114_振樺電,0.22686439086948584,907457.5634779434
932,2022-07-27,2022-08-03,6510_精測,0.1489759836446949,595903.9345787795
933,2022-07-27,2022-08-03,8996_高力,0.1476901125067236,590760.4500268943
934,2022-07-27,2022-08-03,2360_致茂,0.1334374332170014,533749.7328680056
935,2022-08-03,2022-08-10,4979_華星光,0.30684762322030434,1227390.4928812173
936,2022-08-03,2022-08-10,3163_波若威,0.20255127756869773,810205.1102747909
937,2022-08-03,2022-08-10,8255_朋程,0.19416191294894558,776647.6517957823
938,2022-08-03,2022-08-10,5388_中磊,0.1909502182252094,763800.8729008377
939,2022-08-03,2022-08-10,9907_統一實,0.17966275339438886,718651.0135775554
940,2022-08-10,2022-08-17,6533_晶心科,0.2843701706317403,1137480.6825269612
941,2022-08-10,2022-08-17,6472_保瑞,0.2827960797492495,1131184.3189969978
942,2022-08-10,2022-08-17,2331_精英,0.2514278725162806,1005711.4900651225
943,2022-08-10,2022-08-17,6643_M31,0.24356140723627417,974245.6289450967
944,2022-08-10,2022-08-17,3661_世芯-KY,0.23727010495389078,949080.4198155631
945,2022-08-17,2022-08-24,4162_智擎,0.34876039274270076,1395041.570970803
946,2022-08-17,2022-08-24,2230_泰茂,0.34448005712915264,1377920.2285166106
947,2022-08-17,2022-08-24,8478_東哥遊艇,0.29744807839603205,1189792.3135841282
948,2022-08-17,2022-08-24,4770_上品,0.2566406324478514,1026562.5297914057
949,2022-08-17,2022-08-24,4768_晶呈科技,0.2077821380465552,831128.5521862209
950,2022-08-24,2022-08-31,8996_高力,0.29371950311635975,1174878.012465439
951,2022-08-24,2022-08-31,2388_威盛,0.23434779937611894,937391.1975044757
952,2022-08-24,2022-08-31,6533_晶心科,0.16466291527893118,658651.6611157247
953,2022-08-24,2022-08-31,2230_泰茂,0.14965162112245456,598606.4844898182
954,2022-08-24,2022-08-31,8076_伍豐,0.14490783446220812,579631.3378488325
955,2022-08-31,2022-09-07,3454_晶睿,0.11239429089915931,449577.16359663726
956,2022-08-31,2022-09-07,00673R_期元大S&P原油反1,0.07061964290279366,282478.5716111746
957,2022-08-31,2022-09-07,6712_長聖,0.06876682297128567,275067.2918851427
958,2022-08-31,2022-09-07,2383_台光電,0.04513527674360085,180541.1069744034
959,2022-08-31,2022-09-07,00676R_富邦臺灣加權反1,0.040574052490416346,162296.2099616654
960,2022-09-07,2022-09-14,3454_晶睿,0.2401920874929797,960768.3499719189
961,2022-09-07,2022-09-14,6245_立端,0.2400344177164544,960137.6708658176
962,2022-09-07,2022-09-14,1736_喬山,0.21274889422021226,850995.5768808491
963,2022-09-07,2022-09-14,2388_威盛,0.16887369669566388,675494.7867826555
964,2022-09-07,2022-09-14,2497_怡利電,0.16378470418031132,655138.8167212453
965,2022-09-14,2022-09-21,6146_耕興,0.10630657028813073,425226.28115252295
966,2022-09-14,2022-09-21,2368_金像電,0.09172028678758903,366881.14715035615
967,2022-09-14,2022-09-21,6472_保瑞,0.05601623962570823,224064.95850283292
968,2022-09-14,2022-09-21,2731_雄獅,0.05389844452656045,215593.7781062418
969,2022-09-14,2022-09-21,2637_慧洋-KY,0.04541318164828767,181652.72659315067
970,2022-09-21,2022-09-28,2753_八方雲集,0.07292145997903732,291685.83991614927
971,2022-09-21,2022-09-28,00673R_期元大S&P原油反1,0.07053048997802969,282121.95991211873
972,2022-09-21,2022-09-28,00669R_國泰美國道瓊反1,0.06134806589406083,245392.26357624333
973,2022-09-21,2022-09-28,00632R_元大台灣50反1,0.0598910339688008,239564.1358752032
974,2022-09-21,2022-09-28,00676R_富邦臺灣加權反1,0.05760766481044666,230430.65924178663
975,2022-09-28,2022-10-05,8996_高力,0.241326496892861,965305.987571444
976,2022-09-28,2022-10-05,4966_譜瑞-KY,0.237072439503891,948289.7580155641
977,2022-09-28,2022-10-05,6719_力智,0.21315703628866034,852628.1451546414
978,2022-09-28,2022-10-05,6138_茂達,0.18586751498359178,743470.0599343671
979,2022-09-28,2022-10-05,3006_晶豪科,0.17741936043592155,709677.4417436862
980,2022-10-05,2022-10-12,9945_潤泰新,0.09367466670362501,374698.66681450006
981,2022-10-05,2022-10-12,3481_群創,0.08818944907774262,352757.7963109705
982,2022-10-05,2022-10-12,3558_神準,0.0876056339534772,350422.5358139088
983,2022-10-05,2022-10-12,8299_群聯,0.07233794888383094,289351.79553532373
984,2022-10-05,2022-10-12,6472_保瑞,0.06595182685742018,263807.3074296807
985,2022-10-12,2022-10-19,3289_宜特,0.1624176086481801,649670.4345927205
986,2022-10-12,2022-10-19,3454_晶睿,0.15385377609502804,615415.1043801121
987,2022-10-12,2022-10-19,4961_天鈺,0.151279896706495,605119.58682598
988,2022-10-12,2022-10-19,3481_群創,0.13951784223301855,558071.3689320742
989,2022-10-12,2022-10-19,3545_敦泰,0.13219552288092773,528782.0915237109
990,2022-10-19,2022-10-26,6150_撼訊,0.13834107433796206,553364.2973518482
991,2022-10-19,2022-10-26,9958_世紀鋼,0.12838621927748028,513544.87710992113
992,2022-10-19,2022-10-26,00852L_國泰美國道瓊正2,0.06657804364683728,266312.1745873491
993,2022-10-19,2022-10-26,3035_智原,0.06052986247665415,242119.4499066166
994,2022-10-19,2022-10-26,3515_華擎,0.053797114879428065,215188.45951771227
995,2022-10-26,2022-11-02,3454_晶睿,0.3477228855547241,1390891.5422188963
996,2022-10-26,2022-11-02,3443_創意,0.2658923191499849,1063569.2765999397
997,2022-10-26,2022-11-02,8358_金居,0.24701617690281763,988064.7076112705
998,2022-10-26,2022-11-02,6669_緯穎,0.24325016163061353,973000.6465224541
999,2022-10-26,2022-11-02,3228_金麗科,0.2257602193419741,903040.8773678964
1000,2022-11-02,2022-11-09,8033_雷虎,0.29550426875685565,1182017.0750274225
1001,2022-11-02,2022-11-09,4961_天鈺,0.1812463406944802,724985.3627779208
1002,2022-11-02,2022-11-09,2636_台驊控股,0.17313929333717226,692557.1733486891
1003,2022-11-02,2022-11-09,6643_M31,0.1595456384763061,638182.5539052244
1004,2022-11-02,2022-11-09,2497_怡利電,0.158028907290106,632115.629160424
1005,2022-11-09,2022-11-16,6472_保瑞,0.30644711355134135,1225788.4542053654
1006,2022-11-09,2022-11-16,3362_先進光,0.2514011913665306,1005604.7654661224
1007,2022-11-09,2022-11-16,4162_智擎,0.2351704124419507,940681.6497678028
1008,2022-11-09,2022-11-16,6533_晶心科,0.22922883770341418,916915.3508136567
1009,2022-11-09,2022-11-16,6488_環球晶,0.22274659424502352,890986.3769800941
1010,2022-11-16,2022-11-23,1795_美時,0.27051810780092067,1082072.4312036827
1011,2022-11-16,2022-11-23,6245_立端,0.2258417024042223,903366.8096168892
1012,2022-11-16,2022-11-23,1736_喬山,0.20646800459709436,825872.0183883774
1013,2022-11-16,2022-11-23,8033_雷虎,0.1889230268378539,755692.1073514156
1014,2022-11-16,2022-11-23,6712_長聖,0.1465575322579522,586230.1290318088
1015,2022-11-23,2022-11-30,4979_華星光,0.27790169688396027,1111606.787535841
1016,2022-11-23,2022-11-30,6781_AES-KY,0.25762693367023237,1030507.7346809295
1017,2022-11-23,2022-11-30,2486_一詮,0.21270601603012196,850824.0641204878
1018,2022-11-23,2022-11-30,3454_晶睿,0.16437016334210464,657480.6533684186
1019,2022-11-23,2022-11-30,8121_越峰,0.16256109719621636,650244.3887848655
1020,2022-11-30,2022-12-07,1342_八貫,0.35911667157398575,1436466.6862959429
1021,2022-11-30,2022-12-07,4114_健喬,0.24758288644459236,990331.5457783694
1022,2022-11-30,2022-12-07,6568_宏觀,0.242107665644395,968430.6625775801
1023,2022-11-30,2022-12-07,6231_系微,0.21492956527783802,859718.2611113521
1024,2022-11-30,2022-12-07,6782_視陽,0.2128920406017445,851568.162406978
1025,2022-12-07,2022-12-14,3693_營邦,0.46228680923366783,1849147.2369346714
1026,2022-12-07,2022-12-14,4130_健亞,0.2641007718036654,1056403.0872146618
1027,2022-12-07,2022-12-14,4167_松瑞藥,0.22996295292310487,919851.8116924195
1028,2022-12-07,2022-12-14,4114_健喬,0.14939739604715285,597589.5841886114
1029,2022-12-07,2022-12-14,2495_普安,0.14549911081285605,581996.4432514242
1030,2022-12-14,2022-12-21,4746_台耀,0.2383925309604451,953570.1238417805
1031,2022-12-14,2022-12-21,2615_萬海,0.12093824648503482,483752.9859401393
1032,2022-12-14,2022-12-21,6111_大宇資,0.11467946972824761,458717.87891299045
1033,2022-12-14,2022-12-21,2637_慧洋-KY,0.09428434319197843,377137.3727679137
1034,2022-12-14,2022-12-21,4130_健亞,0.0934920342377259,373968.1369509036
1035,2022-12-21,2022-12-28,3479_安勤,0.2032027962883085,812811.185153234
1036,2022-12-21,2022-12-28,2753_八方雲集,0.13858271692979418,554330.8677191767
1037,2022-12-21,2022-12-28,4968_立積,0.12003843076457588,480153.7230583035
1038,2022-12-21,2022-12-28,00715L_期街口S&P布蘭特油正2,0.09616422937491254,384656.91749965015
1039,2022-12-21,2022-12-28,6712_長聖,0.09060969499839833,362438.7799935933
1040,2022-12-28,2023-01-04,1519_華城,0.1732000308658852,692800.1234635408
1041,2022-12-28,2023-01-04,3661_世芯-KY,0.16381597950859672,655263.9180343869
1042,2022-12-28,2023-01-04,6143_振曜,0.15763366520460176,630534.6608184071
1043,2022-12-28,2023-01-04,8358_金居,0.12768238148865874,510729.52595463494
1044,2022-12-28,2023-01-04,3592_瑞鼎,0.1179689615884667,471875.8463538668
1045,2023-01-04,2023-01-11,2230_泰茂,0.28973559322033915,1158942.3728813566
1046,2023-01-04,2023-01-11,3105_穩懋,0.27077007735592273,1083080.309423691
1047,2023-01-04,2023-01-11,4966_譜瑞-KY,0.20607787506722763,824311.5002689105
1048,2023-01-04,2023-01-11,4763_材料*-KY,0.18922265461679477,756890.6184671791
1049,2023-01-04,2023-01-11,6719_力智,0.16057015227978466,642280.6091191387
1050,2023-01-11,2023-01-18,3693_營邦,0.27270120317066415,1090804.8126826566
1051,2023-01-11,2023-01-18,8478_東哥遊艇,0.24912515671868496,996500.6268747399
1052,2023-01-11,2023-01-18,6782_視陽,0.14620361138805826,584814.445552233
1053,2023-01-11,2023-01-18,5263_智崴,0.11861025496285538,474441.01985142153
1054,2023-01-11,2023-01-18,00715L_期街口S&P布蘭特油正2,0.11141389542252544,445655.58169010177
1055,2023-01-18,2023-01-25,006205_富邦上証,-0.006979062811565018,-27916.25124626007
1056,2023-01-18,2023-01-25,3265_台星科,-0.006979062811565018,-27916.25124626007
1057,2023-01-18,2023-01-25,3515_華擎,-0.006979062811565018,-27916.25124626007
1058,2023-01-18,2023-01-25,0050_元大台灣50,-0.006979062811565129,-27916.251246260515
1059,2023-01-18,2023-01-25,0056_元大高股息,-0.006979062811565129,-27916.251246260515
1060,2023-01-25,2023-02-01,2351_順德,0.26053227919268096,1042129.1167707238
1061,2023-01-25,2023-02-01,6732_昇佳電子,0.2360786657418632,944314.6629674528
1062,2023-01-25,2023-02-01,6282_康舒,0.22105825132083656,884233.0052833463
1063,2023-01-25,2023-02-01,2230_泰茂,0.19506415817482625,780256.632699305
1064,2023-01-25,2023-02-01,6679_鈺太,0.18803652350782007,752146.0940312803
1065,2023-02-01,2023-02-08,6472_保瑞,0.2618484861446382,1047393.9445785527
1066,2023-02-01,2023-02-08,6235_華孚,0.21598839844104067,863953.5937641627
1067,2023-02-01,2023-02-08,6531_愛普*,0.2151992959051201,860797.1836204804
1068,2023-02-01,2023-02-08,6411_晶焱,0.20686629603515305,827465.1841406123
1069,2023-02-01,2023-02-08,1795_美時,0.1874499430623151,749799.7722492605
1070,2023-02-08,2023-02-15,8227_巨有科技,0.1584348200660608,633739.2802642433
1071,2023-02-08,2023-02-15,2727_王品,0.13879063746280806,555162.5498512322
1072,2023-02-08,2023-02-15,6290_良維,0.12499759336152882,499990.3734461153
1073,2023-02-08,2023-02-15,3617_碩天,0.12420561146002274,496822.4458400909
1074,2023-02-08,2023-02-15,3675_德微,0.12039144558943105,481565.7823577242
1075,2023-02-15,2023-02-22,3594_磐儀,0.3241305859097645,1296522.343639058
1076,2023-02-15,2023-02-22,8033_雷虎,0.30369301651359937,1214772.0660543975
1077,2023-02-15,2023-02-22,2230_泰茂,0.279514692382562,1118058.769530248
1078,2023-02-15,2023-02-22,8227_巨有科技,0.2693124216459535,1077249.686583814
1079,2023-02-15,2023-02-22,1514_亞力,0.19859951916824814,794398.0766729926
1080,2023-02-22,2023-03-01,5274_信驊,0.2267913653619078,907165.4614476312
1081,2023-02-22,2023-03-01,4967_十銓,0.2237488243651573,894995.2974606293
1082,2023-02-22,2023-03-01,6811_宏碁資訊,0.1852390923621552,740956.3694486207
1083,2023-02-22,2023-03-01,2605_新興,0.18434643712840537,737385.7485136215
1084,2023-02-22,2023-03-01,3529_力旺,0.17713302613974768,708532.1045589907
1085,2023-03-01,2023-03-08,3362_先進光,0.32394903933499175,1295796.157339967
1086,2023-03-01,2023-03-08,6235_華孚,0.28859323668339254,1154372.9467335702
1087,2023-03-01,2023-03-08,8227_巨有科技,0.2762935554334158,1105174.2217336632
1088,2023-03-01,2023-03-08,2359_所羅門,0.2378650308616137,951460.1234464548
1089,2023-03-01,2023-03-08,2375_凱美,0.20737205858153707,829488.2343261483
1090,2023-03-08,2023-03-15,6472_保瑞,0.16753740383503013,670149.6153401205
1091,2023-03-08,2023-03-15,5269_祥碩,0.1433843854790493,573537.5419161972
1092,2023-03-08,2023-03-15,6873_泓德能源,0.10139110334314205,405564.4133725682
1093,2023-03-08,2023-03-15,2402_毅嘉,0.0954975790519641,381990.3162078564
1094,2023-03-08,2023-03-15,00738U_期元大道瓊白銀,0.07589825364573977,303593.01458295906
1095,2023-03-15,2023-03-22,3661_世芯-KY,0.264278945934332,1057115.783737328
1096,2023-03-15,2023-03-22,6231_系微,0.2518815729059749,1007526.2916238996
1097,2023-03-15,2023-03-22,2402_毅嘉,0.21262648252497218,850505.9300998887
1098,2023-03-15,2023-03-22,3324_雙鴻,0.2067231497448272,826892.5989793087
1099,2023-03-15,2023-03-22,6223_旺矽,0.19328730870024935,773149.2348009974
1100,2023-03-22,2023-03-29,6753_龍德造船,0.29376581934826373,1175063.277393055
1101,2023-03-22,2023-03-29,6472_保瑞,0.2884245797486178,1153698.318994471
1102,2023-03-22,2023-03-29,5222_全訊,0.22492220556007925,899688.822240317
1103,2023-03-22,2023-03-29,6485_點序,0.21288409251812812,851536.3700725125
1104,2023-03-22,2023-03-29,8478_東哥遊艇,0.18239707132694782,729588.2853077913
1105,2023-03-29,2023-04-05,3032_偉訓,0.15121115684749853,604844.6273899941
1106,2023-03-29,2023-04-05,6548_長科*,0.1273439875663076,509375.95026523044
1107,2023-03-29,2023-04-05,6235_華孚,0.10441133656536006,417645.34626144025
1108,2023-03-29,2023-04-05,6643_M31,0.10040635320892388,401625.41283569555
1109,2023-03-29,2023-04-05,8227_巨有科技,0.09486386527571078,379455.4611028431
1110,2023-04-05,2023-04-12,1519_華城,0.38704276569965623,1548171.0627986249
1111,2023-04-05,2023-04-12,4968_立積,0.30555743448098127,1222229.737923925
1112,2023-04-05,2023-04-12,5465_富驊,0.29553062666305707,1182122.5066522283
1113,2023-04-05,2023-04-12,3693_營邦,0.28663149568514146,1146525.982740566
1114,2023-04-05,2023-04-12,4763_材料*-KY,0.24579720974672115,983188.8389868846
1115,2023-04-12,2023-04-19,3004_豐達科,0.3200024665406145,1280009.866162458
1116,2023-04-12,2023-04-19,1584_精剛,0.279457097755871,1117828.391023484
1117,2023-04-12,2023-04-19,6829_千附精密,0.2599557479817851,1039822.9919271404
1118,2023-04-12,2023-04-19,2731_雄獅,0.21037111630548688,841484.4652219475
1119,2023-04-12,2023-04-19,8033_雷虎,0.2073873617243509,829549.4468974036
1120,2023-04-19,2023-04-26,2204_中華,0.12151761006726458,486070.44026905834
1121,2023-04-19,2023-04-26,6811_宏碁資訊,0.05311829339745611,212473.17358982444
1122,2023-04-19,2023-04-26,8046_南電,0.05167583561434275,206703.34245737098
1123,2023-04-19,2023-04-26,1101_台泥,0.04649353082105767,185974.12328423068
1124,2023-04-19,2023-04-26,3037_欣興,0.04168811351154078,166752.45404616313
1125,2023-04-26,2023-05-03,4541_晟田,0.22063832714930265,882553.3085972106
1126,2023-04-26,2023-05-03,6234_高僑,0.2205671035921859,882268.4143687435
1127,2023-04-26,2023-05-03,4746_台耀,0.21210798090334815,848431.9236133926
1128,2023-04-26,2023-05-03,6112_邁達特,0.18668161778559922,746726.4711423969
1129,2023-04-26,2023-05-03,1503_士電,0.1501101960094242,600440.7840376969
1130,2023-05-03,2023-05-10,2421_建準,0.2899312926244253,1159725.1704977013
1131,2023-05-03,2023-05-10,4503_金雨,0.22945449366187165,917817.9746474866
1132,2023-05-03,2023-05-10,5284_jpp-KY,0.17398741699685738,695949.6679874295
1133,2023-05-03,2023-05-10,6112_邁達特,0.15608120028186434,624324.8011274574
1134,2023-05-03,2023-05-10,1784_訊聯,0.15321368876012698,612854.7550405079
1135,2023-05-10,2023-05-17,3617_碩天,0.2800547263319533,1120218.905327813
1136,2023-05-10,2023-05-17,3022_威強電,0.1630728584857224,652291.4339428896
1137,2023-05-10,2023-05-17,6139_亞翔,0.1593634811661342,637453.9246645367
1138,2023-05-10,2023-05-17,6235_華孚,0.1499626008028785,599850.403211514
1139,2023-05-10,2023-05-17,2371_大同,0.11849734868663186,473989.3947465275
1140,2023-05-17,2023-05-24,2630_亞航,0.2946366045769613,1178546.418307845
1141,2023-05-17,2023-05-24,1519_華城,0.29009235721141113,1160369.4288456445
1142,2023-05-17,2023-05-24,6274_台燿,0.1935249938602368,774099.9754409472
1143,2023-05-17,2023-05-24,3617_碩天,0.19158295216276433,766331.8086510573
1144,2023-05-17,2023-05-24,5243_乙盛-KY,0.1820812163053176,728324.8652212704
1145,2023-05-24,2023-05-31,3013_晟銘電,0.3326655634215714,1330662.2536862856
1146,2023-05-24,2023-05-31,8210_勤誠,0.2604081904703719,1041632.7618814876
1147,2023-05-24,2023-05-31,6188_廣明,0.23904588888554956,956183.5555421982
1148,2023-05-24,2023-05-31,2345_智邦,0.23867035089178978,954681.4035671591
1149,2023-05-24,2023-05-31,2323_中環,0.209089754412074,836359.017648296
1150,2023-05-31,2023-06-07,2486_一詮,0.36760183865376805,1470407.3546150723
1151,2023-05-31,2023-06-07,6187_萬潤,0.3172603033134347,1269041.2132537388
1152,2023-05-31,2023-06-07,2745_五福,0.304175244891423,1216700.979565692
1153,2023-05-31,2023-06-07,3583_辛耘,0.271970536847695,1087882.14739078
1154,2023-05-31,2023-06-07,1609_大亞,0.25197526485554333,1007901.0594221733
1155,2023-06-07,2023-06-14,4533_協易機,0.42063451339791724,1682538.053591669
1156,2023-06-07,2023-06-14,3515_華擎,0.23245311819722447,929812.4727888979
1157,2023-06-07,2023-06-14,6235_華孚,0.21236932960673816,849477.3184269526
1158,2023-06-07,2023-06-14,6122_擎邦,0.20766441767334598,830657.6706933839
1159,2023-06-07,2023-06-14,5465_富驊,0.19543340035056378,781733.6014022551
1160,2023-06-14,2023-06-21,6125_廣運,0.37074138973746673,1482965.558949867
1161,2023-06-14,2023-06-21,3693_營邦,0.34421658237223407,1376866.3294889363
1162,2023-06-14,2023-06-21,4916_事欣科,0.3245991103479897,1298396.4413919589
1163,2023-06-14,2023-06-21,2371_大同,0.23281857833313713,931274.3133325485
1164,2023-06-14,2023-06-21,5465_富驊,0.21706275456850088,868251.0182740035
1165,2023-06-21,2023-06-28,4533_協易機,0.146541635740139,586166.542960556
1166,2023-06-21,2023-06-28,2059_川湖,0.1302960859009512,521184.3436038048
1167,2023-06-21,2023-06-28,4746_台耀,0.12923744910965906,516949.79643863626
1168,2023-06-21,2023-06-28,3207_耀勝,0.09544573825692737,381782.9530277095
1169,2023-06-21,2023-06-28,6472_保瑞,0.08751461274818073,350058.45099272294
1170,2023-06-28,2023-07-05,3013_晟銘電,0.5038400648199493,2015360.259279797
1171,2023-06-28,2023-07-05,6451_訊芯-KY,0.4034362518487802,1613745.0073951208
1172,2023-06-28,2023-07-05,3231_緯創,0.3261749391626394,1304699.7566505575
1173,2023-06-28,2023-07-05,6125_廣運,0.3000801053295554,1200320.4213182216
1174,2023-06-28,2023-07-05,4979_華星光,0.27285909141178943,1091436.3656471577
1175,2023-07-05,2023-07-12,2388_威盛,0.28718554302387833,1148742.1720955134
1176,2023-07-05,2023-07-12,1519_華城,0.2208396204506453,883358.4818025812
1177,2023-07-05,2023-07-12,3231_緯創,0.20133265595380845,805330.6238152338
1178,2023-07-05,2023-07-12,6538_倉和,0.1796579723702656,718631.8894810624
1179,2023-07-05,2023-07-12,4979_華星光,0.17896961007460033,715878.4402984013
1180,2023-07-12,2023-07-19,6569_醫揚,0.495974583050135,1983898.33220054
1181,2023-07-12,2023-07-19,3483_力致,0.4528420837584297,1811368.335033719
1182,2023-07-12,2023-07-19,5474_聰泰,0.36988378648233255,1479535.1459293303
1183,2023-07-12,2023-07-19,4908_前鼎,0.3595886365920633,1438354.5463682532
1184,2023-07-12,2023-07-19,6841_長佳智能,0.34364447286526145,1374577.8914610457
1185,2023-07-19,2023-07-26,6811_宏碁資訊,0.42951194314665075,1718047.772586603
1186,2023-07-19,2023-07-26,4953_緯軟,0.32405630449987965,1296225.2179995186
1187,2023-07-19,2023-07-26,2329_華泰,0.2864134868122903,1145653.947249161
1188,2023-07-19,2023-07-26,6188_廣明,0.24924401486050796,996976.0594420318
1189,2023-07-19,2023-07-26,3044_健鼎,0.24657374455001446,986294.9782000579
1190,2023-07-26,2023-08-02,3663_鑫科,0.21181209734026618,847248.3893610648
1191,2023-07-26,2023-08-02,8390_金益鼎,0.19567827130852367,782713.0852340946
1192,2023-07-26,2023-08-02,6231_系微,0.1794833839094072,717933.5356376289
1193,2023-07-26,2023-08-02,6538_倉和,0.17165668248813004,686626.7299525201
1194,2023-07-26,2023-08-02,1802_台玻,0.15390142421896336,615605.6968758535
1195,2023-08-02,2023-08-09,3693_營邦,0.3240083924232966,1296033.5696931863
1196,2023-08-02,2023-08-09,6412_群電,0.23616413054075092,944656.5221630037
1197,2023-08-02,2023-08-09,3483_力致,0.19312451312294843,772498.0524917938
1198,2023-08-02,2023-08-09,3032_偉訓,0.17983746601920858,719349.8640768343
1199,2023-08-02,2023-08-09,3583_辛耘,0.17358837703562702,694353.5081425081
1200,2023-08-09,2023-08-16,2324_仁寶,0.13155056775912488,526202.2710364995
1201,2023-08-09,2023-08-16,3715_定穎投控,0.12559618441971399,502384.73767885595
1202,2023-08-09,2023-08-16,3689_湧德,0.12555314330688416,502212.57322753663
1203,2023-08-09,2023-08-16,3035_智原,0.1250064550115073,500025.8200460292
1204,2023-08-09,2023-08-16,4979_華星光,0.12052652651246443,482106.1060498577
1205,2023-08-16,2023-08-23,6117_迎廣,0.45382683891115705,1815307.3556446282
1206,2023-08-16,2023-08-23,2363_矽統,0.3656214291083504,1462485.7164334015
1207,2023-08-16,2023-08-23,3715_定穎投控,0.31594529826206563,1263781.1930482625
1208,2023-08-16,2023-08-23,3661_世芯-KY,0.24583535646811638,983341.4258724655
1209,2023-08-16,2023-08-23,1519_華城,0.24516819083622599,980672.763344904
1210,2023-08-23,2023-08-30,2331_精英,0.2228538314445354,891415.3257781416
1211,2023-08-23,2023-08-30,2436_偉詮電,0.2130544781839454,852217.9127357816
1212,2023-08-23,2023-08-30,6829_千附精密,0.18682661143181956,747306.4457272782
1213,2023-08-23,2023-08-30,6213_聯茂,0.17747520796389482,709900.8318555793
1214,2023-08-23,2023-08-30,3715_定穎投控,0.17578156490856944,703126.2596342778
1215,2023-08-30,2023-09-06,3548_兆利,0.3368174425950563,1347269.7703802253
1216,2023-08-30,2023-09-06,6122_擎邦,0.30711447994256624,1228457.919770265
1217,2023-08-30,2023-09-06,2204_中華,0.22150363070081802,886014.5228032721
1218,2023-08-30,2023-09-06,3324_雙鴻,0.17689377131990125,707575.085279605
1219,2023-08-30,2023-09-06,3088_艾訊,0.16698540683923135,667941.6273569254
1220,2023-09-06,2023-09-13,1522_堤維西,0.23323196915509503,932927.8766203801
1221,2023-09-06,2023-09-13,6451_訊芯-KY,0.23011244548266885,920449.7819306754
1222,2023-09-06,2023-09-13,2630_亞航,0.18996244522782701,759849.780911308
1223,2023-09-06,2023-09-13,9938_百和,0.17451939483562717,698077.5793425087
1224,2023-09-06,2023-09-13,6703_軒郁,0.11274265478825796,450970.61915303185
1225,2023-09-13,2023-09-20,3036_文曄,0.3546962945030725,1418785.17801229
1226,2023-09-13,2023-09-20,3617_碩天,0.1713687701580202,685475.0806320808
1227,2023-09-13,2023-09-20,3709_鑫聯大投控,0.15265210884363567,610608.4353745427
1228,2023-09-13,2023-09-20,2367_燿華,0.14849964392536674,593998.575701467
1229,2023-09-13,2023-09-20,2388_威盛,0.13555793851051257,542231.7540420502
1230,2023-09-20,2023-09-27,6139_亞翔,0.2659627405742757,1063850.962297103
1231,2023-09-20,2023-09-27,3715_定穎投控,0.20304181325437232,812167.2530174892
1232,2023-09-20,2023-09-27,6782_視陽,0.1743427064834182,697370.8259336728
1233,2023-09-20,2023-09-27,4768_晶呈科技,0.14075613236747242,563024.5294698897
1234,2023-09-20,2023-09-27,3017_奇鋐,0.13437096816480687,537483.8726592275
1235,2023-09-27,2023-10-04,6117_迎廣,0.35629283611291807,1425171.3444516722
1236,2023-09-27,2023-10-04,6187_萬潤,0.20993671303638384,839746.8521455354
1237,2023-09-27,2023-10-04,6451_訊芯-KY,0.1561765196593199,624706.0786372796
1238,2023-09-27,2023-10-04,8227_巨有科技,0.12264920637697063,490596.8255078825
1239,2023-09-27,2023-10-04,3715_定穎投控,0.12021259315853872,480850.37263415486
1240,2023-10-04,2023-10-11,3443_創意,0.1171458287933449,468583.3151733796
1241,2023-10-04,2023-10-11,6231_系微,0.1146535780303688,458614.3121214752
1242,2023-10-04,2023-10-11,6150_撼訊,0.10445720196020436,417828.80784081743
1243,2023-10-04,2023-10-11,5274_信驊,0.09593102825436262,383724.11301745044
1244,2023-10-04,2023-10-11,9802_鈺齊-KY,0.09315979520679574,372639.18082718295
1245,2023-10-11,2023-10-18,4908_前鼎,0.3384601527913125,1353840.61116525
1246,2023-10-11,2023-10-18,2363_矽統,0.20177328098010516,807093.1239204207
1247,2023-10-11,2023-10-18,8227_巨有科技,0.1515012159094673,606004.8636378692
1248,2023-10-11,2023-10-18,2515_中工,0.1513442319462437,605376.9277849748
1249,2023-10-11,2023-10-18,2388_威盛,0.11718317206046658,468732.6882418663
1250,2023-10-18,2023-10-25,4162_智擎,0.26833746581400186,1073349.8632560074
1251,2023-10-18,2023-10-25,6139_亞翔,0.22756000158182688,910240.0063273076
1252,2023-10-18,2023-10-25,6197_佳必琪,0.19813818671600592,792552.7468640236
1253,2023-10-18,2023-10-25,3207_耀勝,0.15865922350232253,634636.8940092901
1254,2023-10-18,2023-10-25,5258_虹堡,0.15709795198146992,628391.8079258797
1255,2023-10-25,2023-11-01,8054_安國,0.21139205114984572,845568.2045993828
1256,2023-10-25,2023-11-01,6593_台灣銘板,0.18993104931204718,759724.1972481888
1257,2023-10-25,2023-11-01,3105_穩懋,0.14490862992142195,579634.5196856878
1258,2023-10-25,2023-11-01,8086_宏捷科,0.11942018744910365,477680.74979641463
1259,2023-10-25,2023-11-01,6472_保瑞,0.09844742627234493,393789.70508937974
1260,2023-11-01,2023-11-08,3217_優群,0.28212246954184783,1128489.8781673913
1261,2023-11-01,2023-11-08,2059_川湖,0.27031085129696675,1081243.4051878669
1262,2023-11-01,2023-11-08,3036_文曄,0.23720208132809062,948808.3253123625
1263,2023-11-01,2023-11-08,8210_勤誠,0.21428675750824677,857147.0300329871
1264,2023-11-01,2023-11-08,6732_昇佳電子,0.20676153828827726,827046.153153109
1265,2023-11-08,2023-11-15,6122_擎邦,0.4001765878402115,1600706.3513608458
1266,2023-11-08,2023-11-15,3228_金麗科,0.32879060659747394,1315162.4263898958
1267,2023-11-08,2023-11-15,4766_南寶,0.24131349000550606,965253.9600220242
1268,2023-11-08,2023-11-15,2388_威盛,0.22008105964618396,880324.2385847359
1269,2023-11-08,2023-11-15,6667_信紘科,0.1993702126058825,797480.85042353
1270,2023-11-15,2023-11-22,3228_金麗科,0.3560608497089377,1424243.3988357508
1271,2023-11-15,2023-11-22,3005_神基,0.34130832916063647,1365233.3166425459
1272,2023-11-15,2023-11-22,6933_AMAX-KY,0.3346380092115053,1338552.0368460214
1273,2023-11-15,2023-11-22,6237_驊訊,0.3245868136409682,1298347.2545638727
1274,2023-11-15,2023-11-22,5236_凌陽創新,0.31777021373859604,1271080.8549543843
1275,2023-11-22,2023-11-29,5478_智冠,0.2687648051814622,1075059.2207258488
1276,2023-11-22,2023-11-29,8089_康全電訊,0.22613306107555342,904532.2443022137
1277,2023-11-22,2023-11-29,6462_神盾,0.20106204065987798,804248.162639512
1278,2023-11-22,2023-11-29,6789_采鈺,0.18518047692461614,740721.9076984646
1279,2023-11-22,2023-11-29,2329_華泰,0.1789482615981841,715793.0463927365
1280,2023-11-29,2023-12-06,6117_迎廣,0.3581393224905436,1432557.2899621744
1281,2023-11-29,2023-12-06,2612_中航,0.32552461606138294,1302098.4642455317
1282,2023-11-29,2023-12-06,1503_士電,0.2767267250000536,1106906.9000002143
1283,2023-11-29,2023-12-06,2605_新興,0.26864479731537116,1074579.1892614847
1284,2023-11-29,2023-12-06,2641_正德,0.2528929675445071,1011571.8701780282
1285,2023-12-06,2023-12-13,5426_振發,0.34915385855634407,1396615.4342253762
1286,2023-12-06,2023-12-13,5432_新門,0.27885981988567843,1115439.2795427137
1287,2023-12-06,2023-12-13,8112_至上,0.2724771016786238,1089908.4067144953
1288,2023-12-06,2023-12-13,3622_洋華,0.22863046249989982,914521.8499995993
1289,2023-12-06,2023-12-13,6546_正基,0.21480840497375797,859233.6198950319
1290,2023-12-13,2023-12-20,2014_中鴻,0.21244444136056417,849777.7654422567
1291,2023-12-13,2023-12-20,3086_華義,0.19533124008873504,781324.9603549402
1292,2023-12-13,2023-12-20,2353_宏碁,0.19529220077165954,781168.8030866382
1293,2023-12-13,2023-12-20,5426_振發,0.18197633819190218,727905.3527676087
1294,2023-12-13,2023-12-20,6683_雍智科技,0.1818419735201806,727367.8940807225
1295,2023-12-20,2023-12-27,6231_系微,0.26503042467344695,1060121.698693788
1296,2023-12-20,2023-12-27,2353_宏碁,0.20700280458842624,828011.2183537049
1297,2023-12-20,2023-12-27,8054_安國,0.20467763816181894,818710.5526472757
1298,2023-12-20,2023-12-27,3086_華義,0.1728622267430795,691448.906972318
1299,2023-12-20,2023-12-27,6683_雍智科技,0.14637344310814027,585493.772432561
